日時,来店目的,種別,ナンバー地名,ナンバー3桁,ナンバーかな,ナンバー下4桁,メーカー,車種,サイズ,カラー,年齢,性別,タイヤサイズ,製造年,タイヤメーカー,タイヤ商品名,車検日,天気,担当者,空気圧点検,備考
2025/09/03(Wed) 17:29,オイル交換,一般,横浜,500,さ,4024,マツダ,CX-5,L,シルバー,40代,不明,225/65R17,2021,ヨコハマ,未選択,2026/06/02,曇り,所長,実施,コミュニティ彼女主婦呼ぶコミュニティ戦略的シュガー。
2025/03/01(Sat) 15:53,タイヤ相談,常連,横浜,500,れ,7031,トヨタ,ハイエース,XL,シルバー,30代,女性,195/80R15,2023,ブリヂストン,REGNO,2026/06/02,雨,所長,未実施,
2025/10/01(Wed) 08:44,洗車,業者,横浜,330,き,3604,ホンダ,N-BOX,S,ブルー,60代以上,女性,155/65R14,2025,未選択,Enasave,2026/06/02,雪,PA2,未実施,
2024/12/04(Wed) 11:16,給油,業者,横浜,330,れ,4901,BMW,ミニクーパー,S,レッド,50代,女性,175/65R15,2023,トーヨー,REGNO,2026/06/02,晴れ,社員A,未実施,
2024/08/10(Sat) 09:03,洗車,新規,横浜,500,る,8304,ホンダ,N-BOX,S,レッド,40代,男性,155/65R14,2023,トーヨー,REGNO,2026/06/02,雪,PA1,実施,ベルベットインチ虐待目的シェービング鉱山特徴。
2025/01/14(Tue) 09:18,タイヤ相談,業者,横浜,330,ま,9696,ダイハツ,タント,S,ホワイト,20代,男性,155/65R14,2024,ヨコハマ,Enasave,2026/06/03,晴れ,ベテランPA,実施,
2026/01/01(Thu) 07:08,タイヤ相談,一般,横浜,330,き,3484,マツダ,CX-5,L,ブラック,60代以上,男性,225/65R17,2022,ヨコハマ,BluEarth,2026/06/03,雪,派遣社員,実施,サワー副鉱山極端な部隊主婦。
2024/12/09(Mon) 11:55,洗車,新規,横浜,500,る,4033,BMW,ミニクーパー,S,ブラック,不明,女性,175/65R15,2021,ヨコハマ,Ecopia,2026/06/03,晴れ,PA1,未実施,
2024/10/17(Thu) 12:09,洗車,業者,横浜,330,れ,2593,ダイハツ,タント,S,シルバー,60代以上,不明,155/65R14,2023,ヨコハマ,REGNO,2026/06/03,雪,PA1,未実施,
2024/06/29(Sat) 07:23,オイル交換,一般,横浜,580,れ,282,日産,セレナ,L,ブルー,不明,女性,195/65R16,2021,未選択,Ecopia,2026/06/04,雪,派遣社員,実施,今日虐待クロスピックダッシュ試してみる革新。
2025/03/23(Sun) 20:19,オイル交換,常連,横浜,500,ま,7420,日産,セレナ,L,レッド,30代,男性,195/65R16,2021,未選択,BluEarth,2026/06/04,晴れ,主任リーダー,実施,パイオニア狭いノートスマッシュ隠す。
2024/10/10(Thu) 12:14,給油,常連,横浜,330,さ,7249,マツダ,CX-5,L,ブラック,40代,不明,225/65R17,2022,トーヨー,未選択,2026/06/04,雪,ベテランPA,未実施,
2025/02/18(Tue) 16:27,オイル交換,常連,横浜,580,ま,8661,トヨタ,プリウス,M,シルバー,50代,男性,195/65R15,2021,ブリヂストン,REGNO,2026/06/05,雨,社員A,未実施,大統領バス暖かい必要バーゲン。
2024/08/18(Sun) 13:52,洗車,新規,横浜,330,る,9661,マツダ,CX-5,L,シルバー,20代,男性,225/65R17,2021,ダンロップ,Enasave,2026/06/05,晴れ,派遣社員,未実施,デフォルト血まみれのタワー。
2025/10/11(Sat) 12:31,タイヤ相談,業者,横浜,330,さ,3136,トヨタ,VOXY,LL,ブルー,60代以上,男性,195/65R15,2021,ダンロップ,REGNO,2026/06/05,雨,未選択,実施,
2025/07/18(Fri) 15:25,タイヤ相談,一般,横浜,580,ま,6182,マツダ,CX-5,L,ブルー,20代,女性,225/65R17,2023,ブリヂストン,BluEarth,2026/06/06,雪,主任リーダー,実施,管理する不自然なマリンパンベルベット極端な転倒。
2025/05/30(Fri) 21:28,給油,一般,横浜,580,れ,5388,日産,セレナ,L,レッド,40代,男性,195/65R16,2022,ヨコハマ,REGNO,2026/06/06,雨,派遣社員,実施,
2025/02/24(Mon) 19:18,タイヤ相談,業者,横浜,580,る,9839,マツダ,CX-5,L,ブルー,50代,不明,225/65R17,2021,ブリヂストン,REGNO,2026/06/06,雪,主任リーダー,未実施,
2024/07/14(Sun) 11:28,洗車,一般,横浜,330,き,6939,ホンダ,N-BOX,S,シルバー,20代,男性,155/65R14,2024,ダンロップ,Ecopia,2026/06/06,雨,PA2,実施,証言する彼野球中央大統領自体。
2025/10/21(Tue) 09:26,その他,新規,横浜,300,き,2294,ホンダ,N-BOX,S,ホワイト,60代以上,女性,155/65R14,2025,未選択,REGNO,2026/06/07,雨,ベテランPA,実施,
2024/08/20(Tue) 15:28,その他,常連,横浜,300,ま,2613,ホンダ,N-BOX,S,ブルー,40代,不明,155/65R14,2021,トーヨー,Ecopia,2026/06/07,雪,ベテランPA,実施,コンペトーンコーナーサワーバーゲンヒール今日。
2024/08/23(Fri) 16:58,洗車,一般,横浜,500,さ,6920,ホンダ,N-BOX,S,ホワイト,20代,女性,155/65R14,2021,トーヨー,REGNO,2026/06/07,雪,PA1,実施,
2025/02/14(Fri) 09:57,給油,一般,横浜,500,さ,7119,ダイハツ,タント,S,ホワイト,不明,女性,155/65R14,2024,ヨコハマ,未選択,2026/06/07,曇り,ベテラン社員,未実施,建築偏差スマッシュ暖かい持っていました野球教会テント。
2024/12/08(Sun) 20:30,タイヤ相談,常連,横浜,330,る,5468,ダイハツ,タント,S,ブラック,30代,男性,155/65R14,2023,ダンロップ,Enasave,2026/06/07,雪,所長,実施,
2024/09/26(Thu) 18:13,給油,新規,横浜,330,き,8558,日産,セレナ,L,シルバー,40代,女性,195/65R16,2024,ヨコハマ,Enasave,2026/06/07,雨,ベテランPA,実施,
2026/02/07(Sat) 15:16,給油,一般,横浜,500,れ,6745,日産,セレナ,L,シルバー,60代以上,男性,195/65R16,2021,未選択,未選択,2026/06/07,雪,PA1,実施,
2025/02/05(Wed) 20:58,洗車,新規,横浜,500,さ,8316,日産,セレナ,L,ブラック,20代,女性,195/65R16,2025,未選択,Ecopia,2026/06/08,曇り,ベテランPA,未実施,品質テントバーゲン腐った。
2025/01/28(Tue) 14:54,給油,常連,横浜,500,さ,9127,ダイハツ,タント,S,ホワイト,60代以上,女性,155/65R14,2021,ブリヂストン,未選択,2026/06/08,雨,主任リーダー,未実施,保持する教授戦略的文言教授。
2024/06/10(Mon) 19:38,オイル交換,新規,横浜,330,る,7289,マツダ,CX-5,L,ホワイト,60代以上,男性,225/65R17,2023,トーヨー,Enasave,2026/06/08,雨,ベテラン社員,実施,コミュニケーション画面リニア持ってる私。
2025/12/17(Wed) 07:30,給油,一般,横浜,580,き,7046,BMW,ミニクーパー,S,ブラック,20代,男性,175/65R15,2021,ヨコハマ,Enasave,2026/06/09,雨,派遣社員,未実施,ハードウェア画面緩む血まみれの風景シェービング中央。
2025/10/21(Tue) 18:56,オイル交換,常連,横浜,300,さ,5791,ホンダ,N-BOX,S,ブラック,不明,女性,155/65R14,2025,ブリヂストン,未選択,2026/06/09,雪,派遣社員,実施,
2025/06/21(Sat) 09:09,その他,業者,横浜,500,さ,6646,トヨタ,VOXY,LL,ブルー,50代,女性,195/65R15,2022,ヨコハマ,BluEarth,2026/06/09,雨,派遣社員,未実施,近代化する装置行進。
2024/07/17(Wed) 16:04,給油,常連,横浜,300,れ,9744,BMW,ミニクーパー,S,シルバー,不明,男性,175/65R15,2024,未選択,Ecopia,2026/06/10,雨,ベテランPA,未実施,
2026/03/05(Thu) 13:50,その他,一般,横浜,500,き,5783,日産,セレナ,L,シルバー,40代,女性,195/65R16,2024,未選択,Ecopia,2026/06/10,曇り,未選択,実施,あった供給式腐ったブレーキ。
2024/11/14(Thu) 17:50,オイル交換,一般,横浜,500,き,9341,ダイハツ,タント,S,ブラック,60代以上,不明,155/65R14,2023,ダンロップ,Enasave,2026/06/10,曇り,未選択,未実施,ダイヤモンドバケツ私バケツリハビリ。
2024/09/05(Thu) 20:40,オイル交換,一般,横浜,580,き,1528,マツダ,CX-5,L,ブラック,20代,女性,225/65R17,2022,ダンロップ,Enasave,2026/06/10,雪,ベテラン社員,未実施,
2024/09/22(Sun) 10:12,オイル交換,一般,横浜,330,さ,3586,ダイハツ,タント,S,ブルー,20代,不明,155/65R14,2021,未選択,Enasave,2026/06/10,曇り,所長,未実施,インチ憲法バケツ葉教会テント目的。
2026/01/04(Sun) 21:39,その他,一般,横浜,300,き,1621,BMW,ミニクーパー,S,ブラック,不明,男性,175/65R15,2022,ブリヂストン,REGNO,2026/06/11,曇り,社員A,実施,血まみれの埋め込む高い持ってるパンささやきサンプルキャビネット。
2026/01/05(Mon) 19:07,給油,新規,横浜,580,さ,9374,ホンダ,N-BOX,S,ブルー,20代,女性,155/65R14,2023,ダンロップ,Ecopia,2026/06/11,晴れ,主任リーダー,実施,緩む差別するアクセルペダル尿追放する午前カレッジキャビネット。
2025/03/23(Sun) 07:08,その他,業者,横浜,330,さ,8370,トヨタ,ハイエース,XL,ホワイト,50代,男性,195/80R15,2023,トーヨー,REGNO,2026/06/11,晴れ,派遣社員,実施,ジャム感謝する腐った葉出演者合計職人。
2025/04/02(Wed) 10:01,洗車,業者,横浜,580,る,8705,ダイハツ,タント,S,ブラック,20代,女性,155/65R14,2022,未選択,Ecopia,2026/06/11,曇り,ベテラン社員,実施,
2025/04/12(Sat) 20:59,オイル交換,常連,横浜,500,る,201,トヨタ,VOXY,LL,レッド,30代,男性,195/65R15,2024,ブリヂストン,BluEarth,2026/06/11,雪,PA2,実施,試してみるヘア通行料金改善障害同行。
2024/06/20(Thu) 20:00,タイヤ相談,常連,横浜,330,き,8105,BMW,ミニクーパー,S,ホワイト,不明,男性,175/65R15,2025,ブリヂストン,REGNO,2026/06/11,曇り,未選択,未実施,保証金ニュース連続ブレーキクルー。
2025/11/07(Fri) 11:31,洗車,新規,横浜,580,る,7047,マツダ,CX-5,L,ブルー,40代,男性,225/65R17,2024,未選択,未選択,2026/06/11,晴れ,派遣社員,未実施,血まみれのリハビリ目的ベルベット学生近代化する。
2025/06/29(Sun) 11:49,オイル交換,業者,横浜,500,ま,2474,トヨタ,ハイエース,XL,ブルー,50代,不明,195/80R15,2021,未選択,REGNO,2026/06/11,雪,ベテランPA,実施,不自然な賞賛するジャムダイヤモンド楽しんで状況近代化する。
2026/03/02(Mon) 15:28,洗車,新規,横浜,300,さ,9296,トヨタ,プリウス,M,ブルー,60代以上,男性,195/65R15,2025,トーヨー,Enasave,2026/06/11,雪,所長,未実施,陶器教会バーゲン。
2025/08/19(Tue) 13:19,その他,新規,横浜,300,ま,8735,BMW,ミニクーパー,S,レッド,60代以上,男性,175/65R15,2024,未選択,REGNO,2026/06/11,雨,所長,実施,極端な緩むない合計索引ささやきクール。
2026/01/31(Sat) 20:49,給油,新規,横浜,330,れ,1627,BMW,ミニクーパー,S,ブルー,20代,不明,175/65R15,2025,トーヨー,未選択,2026/06/11,晴れ,未選択,未実施,
2025/12/17(Wed) 11:38,給油,常連,横浜,500,き,7867,日産,セレナ,L,シルバー,30代,不明,195/65R16,2025,ダンロップ,BluEarth,2026/06/11,晴れ,未選択,未実施,
2025/10/26(Sun) 21:31,タイヤ相談,一般,横浜,330,ま,7891,日産,セレナ,L,ホワイト,不明,女性,195/65R16,2025,ブリヂストン,BluEarth,2026/06/12,曇り,未選択,未実施,
2025/03/17(Mon) 15:48,その他,一般,横浜,300,さ,5569,日産,セレナ,L,ブラック,20代,男性,195/65R16,2024,ダンロップ,BluEarth,2026/06/12,雪,PA2,未実施,
2025/10/18(Sat) 09:09,タイヤ相談,新規,横浜,300,れ,5612,トヨタ,VOXY,LL,ブラック,50代,不明,195/65R15,2023,ダンロップ,REGNO,2026/06/12,雪,ベテランPA,実施,
2025/10/16(Thu) 18:32,タイヤ相談,一般,横浜,500,れ,5242,マツダ,CX-5,L,レッド,不明,男性,225/65R17,2023,ダンロップ,BluEarth,2026/06/12,曇り,社員A,実施,ヒールタワー自体デッドクールバーゲンデッド。
2025/02/26(Wed) 15:54,オイル交換,常連,横浜,300,る,1664,ホンダ,N-BOX,S,ブラック,20代,不明,155/65R14,2025,ブリヂストン,REGNO,2026/06/12,雪,ベテラン社員,実施,タワー溝ブラケット狐ブランチ装置主婦。
2026/02/20(Fri) 17:08,オイル交換,業者,横浜,580,さ,3195,ホンダ,N-BOX,S,ホワイト,不明,女性,155/65R14,2023,トーヨー,BluEarth,2026/06/12,晴れ,PA2,実施,尊敬するプラスチック参加する風景キャビン保持するデフォルト。
2024/10/13(Sun) 13:08,洗車,常連,横浜,580,る,9047,日産,セレナ,L,レッド,40代,不明,195/65R16,2021,未選択,Ecopia,2026/06/12,雨,派遣社員,未実施,
2026/01/01(Thu) 17:44,タイヤ相談,常連,横浜,330,れ,1692,ダイハツ,タント,S,ホワイト,不明,女性,155/65R14,2024,未選択,未選択,2026/06/12,雨,PA2,未実施,風景知覚催眠術。
2025/02/02(Sun) 20:54,オイル交換,一般,横浜,580,さ,9609,ダイハツ,タント,S,ブラック,不明,女性,155/65R14,2023,トーヨー,Enasave,2026/06/13,雨,PA1,実施,
2024/08/31(Sat) 16:29,洗車,常連,横浜,330,ま,2082,トヨタ,プリウス,M,シルバー,40代,男性,195/65R15,2023,ダンロップ,BluEarth,2026/06/13,晴れ,派遣社員,未実施,
2025/11/15(Sat) 21:25,給油,新規,横浜,300,る,2201,ダイハツ,タント,S,レッド,30代,不明,155/65R14,2021,トーヨー,REGNO,2026/06/13,雨,PA1,未実施,
2026/01/16(Fri) 19:02,その他,一般,横浜,300,き,4030,ダイハツ,タント,S,シルバー,50代,男性,155/65R14,2021,トーヨー,Enasave,2026/06/13,雪,未選択,実施,
2025/04/10(Thu) 18:18,給油,常連,横浜,330,さ,3535,トヨタ,ハイエース,XL,ブラック,20代,男性,195/80R15,2022,ブリヂストン,REGNO,2026/06/13,雪,ベテラン社員,未実施,
2025/10/26(Sun) 20:11,洗車,一般,横浜,330,れ,9073,日産,セレナ,L,シルバー,20代,男性,195/65R16,2022,トーヨー,Enasave,2026/06/13,雪,所長,未実施,クルーハードウェアサワー発生する探査催眠術改善特徴。
2026/02/07(Sat) 12:56,オイル交換,業者,横浜,500,き,4665,トヨタ,ハイエース,XL,ブラック,不明,不明,195/80R15,2022,ヨコハマ,未選択,2026/06/14,雨,派遣社員,未実施,
2026/03/05(Thu) 21:32,タイヤ相談,業者,横浜,500,き,4178,ダイハツ,タント,S,シルバー,30代,不明,155/65R14,2025,未選択,Ecopia,2026/06/14,雪,未選択,未実施,リハビリ奨励します革新バーゲン奨励します。
2025/05/22(Thu) 16:40,洗車,新規,横浜,330,れ,2221,トヨタ,ハイエース,XL,ブルー,不明,不明,195/80R15,2025,トーヨー,Enasave,2026/06/14,雪,主任リーダー,未実施,
2025/01/03(Fri) 13:32,洗車,業者,横浜,300,さ,560,日産,セレナ,L,レッド,60代以上,女性,195/65R16,2025,未選択,未選択,2026/06/15,曇り,PA2,実施,
2025/04/02(Wed) 21:15,その他,業者,横浜,500,れ,6236,トヨタ,VOXY,LL,ブルー,不明,男性,195/65R15,2024,ブリヂストン,BluEarth,2026/06/15,曇り,ベテランPA,未実施,
2025/12/24(Wed) 13:06,タイヤ相談,常連,横浜,330,ま,2070,トヨタ,VOXY,LL,シルバー,30代,女性,195/65R15,2023,トーヨー,BluEarth,2026/06/15,晴れ,PA2,実施,必要創傷憲法ヘア。
2024/09/03(Tue) 11:58,給油,一般,横浜,300,ま,4481,トヨタ,ハイエース,XL,ブラック,不明,不明,195/80R15,2025,ブリヂストン,Ecopia,2026/06/15,雪,主任リーダー,未実施,
2025/10/20(Mon) 12:20,タイヤ相談,常連,横浜,580,さ,1178,トヨタ,ハイエース,XL,ブラック,50代,男性,195/80R15,2022,ブリヂストン,Ecopia,2026/06/15,曇り,ベテランPA,未実施,
2024/11/20(Wed) 18:06,オイル交換,一般,横浜,330,さ,8860,トヨタ,プリウス,M,シルバー,40代,女性,195/65R15,2024,ヨコハマ,Enasave,2026/06/16,曇り,所長,実施,
2024/07/22(Mon) 10:32,オイル交換,業者,横浜,500,さ,5682,BMW,ミニクーパー,S,ブルー,不明,不明,175/65R15,2023,未選択,REGNO,2026/06/16,曇り,PA2,未実施,探査トレーナー発生する教会サワー連続。
2025/03/15(Sat) 09:10,洗車,一般,横浜,330,き,7675,BMW,ミニクーパー,S,シルバー,30代,男性,175/65R15,2023,ダンロップ,Ecopia,2026/06/16,晴れ,PA1,実施,サラダ明らかにするタワートーン。
2026/03/03(Tue) 17:34,タイヤ相談,新規,横浜,330,る,7067,トヨタ,プリウス,M,レッド,60代以上,女性,195/65R15,2022,ダンロップ,未選択,2026/06/16,雨,主任リーダー,実施,文言知覚敵楽しんで仕上げ。
2025/01/02(Thu) 14:14,給油,一般,横浜,580,ま,8343,トヨタ,プリウス,M,ブルー,60代以上,男性,195/65R15,2024,未選択,REGNO,2026/06/17,雪,所長,未実施,
2025/08/29(Fri) 16:32,タイヤ相談,一般,横浜,580,き,8829,BMW,ミニクーパー,S,レッド,40代,男性,175/65R15,2025,ヨコハマ,Ecopia,2026/06/18,雪,未選択,実施,ダッシュじぶんの狐コンペ。
2025/04/11(Fri) 12:46,その他,一般,横浜,300,る,4702,ダイハツ,タント,S,ブルー,40代,男性,155/65R14,2023,トーヨー,REGNO,2026/06/18,雨,社員A,実施,ささやきトースト不自然なリフト狐ホイール今日主人。
2024/08/28(Wed) 21:04,給油,新規,横浜,500,る,1626,日産,セレナ,L,ブルー,50代,男性,195/65R16,2021,トーヨー,Enasave,2026/06/18,雪,未選択,未実施,犯罪者怒りソース中央彼女あった。
2026/01/11(Sun) 08:07,給油,一般,横浜,330,ま,1025,トヨタ,VOXY,LL,シルバー,30代,女性,195/65R15,2022,未選択,BluEarth,2026/06/18,雨,PA1,実施,ジャムキャビンアクセルペダル人形。
2025/01/14(Tue) 12:11,給油,新規,横浜,300,れ,2017,日産,セレナ,L,ブルー,60代以上,女性,195/65R16,2021,ダンロップ,REGNO,2026/06/18,雨,社員A,実施,部隊残る今葉あなた自身奨励します賞賛する出演者。
2025/12/06(Sat) 13:50,給油,新規,横浜,580,き,5061,トヨタ,VOXY,LL,シルバー,不明,女性,195/65R15,2025,トーヨー,未選択,2026/06/18,雪,社員A,実施,マリン溝持つ行進は残るデフォルト。
2025/12/14(Sun) 14:10,タイヤ相談,常連,横浜,330,ま,3761,ダイハツ,タント,S,レッド,50代,男性,155/65R14,2023,ヨコハマ,Ecopia,2026/06/18,雨,所長,未実施,
2025/09/21(Sun) 08:58,給油,一般,横浜,300,れ,4298,BMW,ミニクーパー,S,ブルー,20代,不明,175/65R15,2025,ブリヂストン,未選択,2026/06/19,雨,社員A,実施,
2025/01/02(Thu) 18:27,その他,業者,横浜,300,る,4322,トヨタ,VOXY,LL,ブラック,不明,不明,195/65R15,2024,トーヨー,BluEarth,2026/06/19,晴れ,PA1,実施,ピック柔らかいトースト証言する。
2025/03/26(Wed) 09:27,タイヤ相談,業者,横浜,580,き,2358,日産,セレナ,L,ブルー,60代以上,男性,195/65R16,2021,未選択,未選択,2026/06/19,晴れ,PA2,未実施,
2025/11/12(Wed) 20:00,タイヤ相談,新規,横浜,580,ま,3297,マツダ,CX-5,L,レッド,60代以上,男性,225/65R17,2024,ヨコハマ,Ecopia,2026/06/19,曇り,社員A,実施,主婦ヘアピック戦略的改善倫理。
2026/01/01(Thu) 18:15,給油,常連,横浜,500,る,7566,日産,セレナ,L,レッド,50代,男性,195/65R16,2024,未選択,Ecopia,2026/06/19,晴れ,ベテランPA,実施,
2025/02/01(Sat) 21:22,その他,一般,横浜,580,き,8686,トヨタ,プリウス,M,ブラック,40代,女性,195/65R15,2025,未選択,Enasave,2026/06/19,雨,ベテランPA,実施,擁するニュースサンプル。
2026/01/16(Fri) 17:33,洗車,新規,横浜,330,れ,7122,トヨタ,VOXY,LL,シルバー,60代以上,男性,195/65R15,2025,ブリヂストン,Enasave,2026/06/19,曇り,主任リーダー,実施,
2024/07/24(Wed) 10:31,給油,新規,横浜,580,き,3516,BMW,ミニクーパー,S,レッド,40代,不明,175/65R15,2024,ブリヂストン,Enasave,2026/06/20,曇り,社員A,未実施,
2025/07/21(Mon) 10:42,タイヤ相談,常連,横浜,300,ま,8715,日産,セレナ,L,シルバー,不明,男性,195/65R16,2022,トーヨー,未選択,2026/06/20,雨,PA1,未実施,彼主人今日織るニュース省略合計。
2026/01/06(Tue) 10:15,給油,常連,横浜,580,き,5141,トヨタ,ハイエース,XL,ホワイト,50代,不明,195/80R15,2021,ダンロップ,REGNO,2026/06/20,曇り,PA2,実施,錯覚主人装置。
2025/10/19(Sun) 12:09,給油,業者,横浜,300,き,6832,マツダ,CX-5,L,シルバー,50代,女性,225/65R17,2024,ヨコハマ,未選択,2026/06/20,雪,社員A,実施,
2024/07/17(Wed) 07:49,洗車,業者,横浜,500,れ,4370,トヨタ,ハイエース,XL,レッド,30代,不明,195/80R15,2021,トーヨー,REGNO,2026/06/21,曇り,未選択,未実施,
2025/10/17(Fri) 13:46,給油,新規,横浜,580,れ,6096,ダイハツ,タント,S,ホワイト,60代以上,女性,155/65R14,2025,未選択,未選択,2026/06/21,雪,PA2,実施,
2025/08/02(Sat) 20:18,その他,一般,横浜,300,き,8408,トヨタ,ハイエース,XL,ブラック,30代,不明,195/80R15,2024,ダンロップ,未選択,2026/06/21,雨,ベテランPA,未実施,
2025/04/01(Tue) 13:14,その他,業者,横浜,500,さ,1281,ダイハツ,タント,S,ホワイト,50代,不明,155/65R14,2024,トーヨー,Enasave,2026/06/21,雨,派遣社員,未実施,
2024/08/13(Tue) 19:13,給油,一般,横浜,300,さ,2023,トヨタ,プリウス,M,ブルー,20代,不明,195/65R15,2021,未選択,Enasave,2026/06/21,雨,派遣社員,実施,リニアダイヤモンドそれコーナー同行。
2025/02/12(Wed) 11:37,給油,常連,横浜,580,さ,6754,トヨタ,ハイエース,XL,ブルー,30代,男性,195/80R15,2021,未選択,REGNO,2026/06/21,雪,社員A,実施,ダッシュマリン発生するチーズバーゲン高い不自然な。
2024/12/27(Fri) 08:48,給油,業者,横浜,330,さ,1275,トヨタ,ハイエース,XL,レッド,60代以上,男性,195/80R15,2021,ヨコハマ,Ecopia,2026/06/21,雪,所長,実施,証言するコミュニティ販売野球。
2025/05/23(Fri) 09:58,給油,業者,横浜,500,る,9193,ホンダ,N-BOX,S,ブラック,60代以上,女性,155/65R14,2025,ヨコハマ,REGNO,2026/06/22,雨,PA2,実施,
2025/10/15(Wed) 07:06,その他,常連,横浜,330,ま,8037,ダイハツ,タント,S,シルバー,30代,男性,155/65R14,2022,ヨコハマ,未選択,2026/06/22,雪,派遣社員,実施,
2025/02/12(Wed) 18:24,その他,一般,横浜,300,ま,9469,トヨタ,ハイエース,XL,ブラック,50代,男性,195/80R15,2022,ブリヂストン,Ecopia,2026/06/22,曇り,主任リーダー,未実施,サワー差別する隠す明らかにする。
2024/11/15(Fri) 07:58,その他,一般,横浜,500,る,1479,マツダ,CX-5,L,ブルー,30代,男性,225/65R17,2021,ヨコハマ,Ecopia,2026/06/22,雨,PA2,実施,
2026/03/05(Thu) 20:09,その他,一般,横浜,330,き,8533,トヨタ,ハイエース,XL,ホワイト,20代,女性,195/80R15,2022,ヨコハマ,Enasave,2026/06/22,雨,PA2,実施,午前障害教会鉱山動物。
2024/07/28(Sun) 18:37,タイヤ相談,常連,横浜,300,さ,5313,BMW,ミニクーパー,S,ブラック,60代以上,女性,175/65R15,2025,トーヨー,REGNO,2026/06/23,晴れ,派遣社員,実施,
2024/11/10(Sun) 12:51,給油,業者,横浜,330,さ,1190,ダイハツ,タント,S,ホワイト,60代以上,女性,155/65R14,2022,トーヨー,未選択,2026/06/23,曇り,ベテラン社員,実施,鉱山探査偏差証言する試してみる月カレッジ葉。
2024/12/10(Tue) 11:11,タイヤ相談,業者,横浜,330,さ,9575,トヨタ,プリウス,M,ブラック,50代,女性,195/65R15,2022,ヨコハマ,未選択,2026/06/23,晴れ,未選択,未実施,バーゲンダニ陶器自体コンペ。
2025/06/05(Thu) 18:15,オイル交換,新規,横浜,500,さ,4514,ホンダ,N-BOX,S,レッド,60代以上,男性,155/65R14,2025,トーヨー,BluEarth,2026/06/23,雨,主任リーダー,未実施,
2025/01/04(Sat) 15:19,タイヤ相談,一般,横浜,330,さ,4714,日産,セレナ,L,ブルー,30代,女性,195/65R16,2025,未選択,Ecopia,2026/06/24,曇り,PA1,未実施,
2025/11/10(Mon) 11:58,オイル交換,一般,横浜,300,る,8483,トヨタ,ハイエース,XL,レッド,60代以上,男性,195/80R15,2025,未選択,REGNO,2026/06/24,曇り,ベテランPA,未実施,スペル索引ブレーキコーナー協力葉拡張。
2025/05/16(Fri) 08:05,その他,一般,横浜,580,れ,7472,マツダ,CX-5,L,ホワイト,60代以上,女性,225/65R17,2022,ブリヂストン,Enasave,2026/06/24,雨,未選択,実施,
2024/08/14(Wed) 14:01,洗車,新規,横浜,300,き,8023,ダイハツ,タント,S,シルバー,30代,不明,155/65R14,2025,トーヨー,Enasave,2026/06/24,曇り,未選択,未実施,
2025/01/28(Tue) 19:13,その他,常連,横浜,500,る,1582,トヨタ,プリウス,M,シルバー,不明,女性,195/65R15,2025,トーヨー,Enasave,2026/06/25,晴れ,派遣社員,実施,
2024/10/12(Sat) 15:38,タイヤ相談,常連,横浜,580,ま,5765,トヨタ,VOXY,LL,シルバー,40代,不明,195/65R15,2023,ヨコハマ,REGNO,2026/06/25,雪,派遣社員,実施,ブランチダイヤモンド野球デフォルト。
2024/09/12(Thu) 19:32,タイヤ相談,常連,横浜,330,ま,8309,BMW,ミニクーパー,S,レッド,20代,女性,175/65R15,2024,未選択,REGNO,2026/06/25,雪,派遣社員,未実施,
2025/04/27(Sun) 15:18,タイヤ相談,常連,横浜,330,き,2236,日産,セレナ,L,レッド,60代以上,不明,195/65R16,2021,トーヨー,未選択,2026/06/25,雪,主任リーダー,実施,サワー省略極端な狐。
2026/03/11(Wed) 11:06,タイヤ相談,業者,横浜,300,れ,4497,BMW,ミニクーパー,S,ホワイト,40代,女性,175/65R15,2022,トーヨー,BluEarth,2026/06/25,曇り,ベテラン社員,未実施,チーズリフト中央ヒット風景クルー装置。
2025/10/10(Fri) 18:55,オイル交換,一般,横浜,580,れ,6976,トヨタ,プリウス,M,ブルー,60代以上,女性,195/65R15,2025,ブリヂストン,REGNO,2026/06/26,雨,ベテランPA,実施,
2025/05/05(Mon) 15:41,給油,常連,横浜,580,ま,662,ダイハツ,タント,S,ブルー,50代,女性,155/65R14,2024,ダンロップ,Enasave,2026/06/26,晴れ,未選択,未実施,証言するデッドカラムデッド人形催眠術。
2025/03/22(Sat) 07:43,給油,常連,横浜,330,き,6043,マツダ,CX-5,L,レッド,30代,女性,225/65R17,2021,ヨコハマ,Enasave,2026/06/26,曇り,PA2,未実施,
2026/02/02(Mon) 18:42,給油,業者,横浜,330,ま,1002,ホンダ,N-BOX,S,シルバー,40代,不明,155/65R14,2023,トーヨー,Enasave,2026/06/26,雨,PA2,未実施,スキーム偏差溝パン拡張ホイール探査。
2024/12/22(Sun) 16:20,タイヤ相談,新規,横浜,330,ま,5086,トヨタ,ハイエース,XL,ホワイト,20代,女性,195/80R15,2024,ブリヂストン,Ecopia,2026/06/26,曇り,社員A,実施,スキーム革新極端なトレーナー。
2025/10/05(Sun) 13:11,オイル交換,新規,横浜,500,る,5575,マツダ,CX-5,L,ホワイト,60代以上,女性,225/65R17,2021,未選択,REGNO,2026/06/26,曇り,所長,実施,雪パンヘア戦略的試してみる編組参加する。
2024/07/04(Thu) 15:42,オイル交換,常連,横浜,580,さ,2043,マツダ,CX-5,L,レッド,20代,女性,225/65R17,2021,ダンロップ,Enasave,2026/06/27,雨,PA2,実施,はノート本質的な証言する。
2025/09/16(Tue) 20:27,その他,常連,横浜,500,ま,6743,トヨタ,プリウス,M,ブルー,60代以上,男性,195/65R15,2022,未選択,未選択,2026/06/27,雪,社員A,未実施,供給教会スペル転倒。
2024/10/06(Sun) 07:33,オイル交換,一般,横浜,500,さ,6712,トヨタ,VOXY,LL,ブラック,40代,男性,195/65R15,2025,トーヨー,BluEarth,2026/06/27,曇り,派遣社員,実施,
2025/11/27(Thu) 09:05,オイル交換,業者,横浜,580,れ,5944,トヨタ,プリウス,M,シルバー,不明,不明,195/65R15,2021,未選択,REGNO,2026/06/27,晴れ,PA1,未実施,
2024/12/07(Sat) 07:58,オイル交換,常連,横浜,300,る,74,トヨタ,ハイエース,XL,ブルー,不明,不明,195/80R15,2024,トーヨー,未選択,2026/06/27,曇り,社員A,実施,
2024/12/23(Mon) 21:08,オイル交換,常連,横浜,580,ま,6726,トヨタ,プリウス,M,シルバー,40代,女性,195/65R15,2024,未選択,REGNO,2026/06/27,晴れ,ベテラン社員,実施,ジャム怒りジャム。
2024/11/11(Mon) 08:15,その他,一般,横浜,500,る,3180,トヨタ,VOXY,LL,ブルー,不明,男性,195/65R15,2021,ヨコハマ,Enasave,2026/06/28,曇り,所長,実施,
2025/09/28(Sun) 15:46,タイヤ相談,常連,横浜,300,き,8809,ホンダ,N-BOX,S,ブラック,40代,男性,155/65R14,2022,トーヨー,REGNO,2026/06/28,曇り,ベテランPA,実施,索引バスマリンベルベット見出しない。
2025/08/18(Mon) 21:23,タイヤ相談,一般,横浜,500,る,23,日産,セレナ,L,レッド,60代以上,女性,195/65R16,2021,ブリヂストン,Ecopia,2026/06/28,曇り,PA2,実施,
2024/07/01(Mon) 14:56,洗車,一般,横浜,500,る,2993,ホンダ,N-BOX,S,ホワイト,60代以上,不明,155/65R14,2023,ダンロップ,BluEarth,2026/06/29,晴れ,主任リーダー,実施,
2025/06/05(Thu) 20:11,オイル交換,常連,横浜,300,ま,247,トヨタ,VOXY,LL,ブラック,不明,男性,195/65R15,2021,ダンロップ,未選択,2026/06/29,雪,未選択,未実施,
2024/11/24(Sun) 21:29,タイヤ相談,常連,横浜,580,れ,110,トヨタ,プリウス,M,ブルー,40代,不明,195/65R15,2025,トーヨー,REGNO,2026/06/30,曇り,社員A,未実施,
2026/01/26(Mon) 07:47,その他,新規,横浜,330,き,2551,日産,セレナ,L,シルバー,50代,男性,195/65R16,2025,ダンロップ,Enasave,2026/06/30,晴れ,PA1,実施,フェミニストは知覚衝突符号転倒。
2024/09/04(Wed) 17:35,洗車,新規,横浜,300,き,3758,日産,セレナ,L,レッド,不明,女性,195/65R16,2023,ヨコハマ,Enasave,2026/07/01,晴れ,未選択,未実施,知覚パーセント彼協力高いハンマー。
2024/11/24(Sun) 13:06,その他,業者,横浜,500,ま,7956,マツダ,CX-5,L,レッド,60代以上,不明,225/65R17,2022,ブリヂストン,BluEarth,2026/07/01,雨,社員A,未実施,
2026/03/03(Tue) 08:29,給油,一般,横浜,580,き,9633,トヨタ,プリウス,M,ホワイト,30代,女性,195/65R15,2021,ブリヂストン,未選択,2026/07/01,雨,所長,未実施,
2025/11/21(Fri) 18:27,オイル交換,業者,横浜,300,る,4281,ダイハツ,タント,S,レッド,40代,女性,155/65R14,2025,未選択,Ecopia,2026/07/01,雪,派遣社員,未実施,創傷サラダ自体必要ホイール。
2024/11/28(Thu) 21:48,その他,新規,横浜,580,ま,8923,日産,セレナ,L,シルバー,不明,女性,195/65R16,2025,ヨコハマ,REGNO,2026/07/02,曇り,主任リーダー,実施,テントカラム厳しいリフト花嫁。
2025/01/31(Fri) 15:51,給油,常連,横浜,330,れ,6883,トヨタ,ハイエース,XL,ブルー,20代,男性,195/80R15,2024,ダンロップ,Enasave,2026/07/02,曇り,主任リーダー,未実施,
2024/08/25(Sun) 20:30,洗車,新規,横浜,580,さ,7555,日産,セレナ,L,ホワイト,60代以上,女性,195/65R16,2021,ダンロップ,未選択,2026/07/02,曇り,ベテラン社員,実施,知覚今日省略私バスオークション。
2024/07/26(Fri) 11:52,オイル交換,常連,横浜,580,ま,303,トヨタ,VOXY,LL,ブラック,60代以上,不明,195/65R15,2021,トーヨー,BluEarth,2026/07/02,雨,ベテランPA,実施,それ感謝する主婦供給職人偏差賞賛する。
2024/12/16(Mon) 18:55,その他,新規,横浜,300,さ,9570,BMW,ミニクーパー,S,レッド,20代,不明,175/65R15,2023,ヨコハマ,Enasave,2026/07/03,晴れ,主任リーダー,実施,
2024/10/21(Mon) 21:28,オイル交換,業者,横浜,500,さ,9455,BMW,ミニクーパー,S,シルバー,60代以上,男性,175/65R15,2023,ブリヂストン,Ecopia,2026/07/03,雪,社員A,実施,状況腐った学生狐厳しい屋根裏シュガーは。
2025/12/08(Mon) 20:58,洗車,業者,横浜,580,き,2984,トヨタ,プリウス,M,シルバー,30代,不明,195/65R15,2022,ダンロップ,Ecopia,2026/07/03,雪,派遣社員,未実施,ログシェービング高い分割感謝するリニア。
2024/10/17(Thu) 20:30,オイル交換,常連,横浜,300,き,1967,日産,セレナ,L,ブラック,50代,不明,195/65R16,2021,ダンロップ,未選択,2026/07/03,雨,派遣社員,実施,柔らかいプラスチック不自然なバケツ催眠術。
2024/08/07(Wed) 11:51,オイル交換,常連,横浜,580,さ,5673,トヨタ,VOXY,LL,シルバー,60代以上,男性,195/65R15,2022,未選択,未選択,2026/07/03,曇り,PA1,未実施,
2025/04/23(Wed) 21:29,オイル交換,常連,横浜,330,き,6081,トヨタ,ハイエース,XL,ブルー,60代以上,不明,195/80R15,2025,ヨコハマ,Enasave,2026/07/03,雨,PA2,実施,暖かいフレームヒールニュース。
2024/08/24(Sat) 11:40,タイヤ相談,新規,横浜,580,る,7470,日産,セレナ,L,レッド,50代,男性,195/65R16,2024,未選択,REGNO,2026/07/04,曇り,主任リーダー,未実施,カラム緩む日曜日メニュー催眠術。
2025/04/28(Mon) 16:44,給油,一般,横浜,500,き,8357,トヨタ,ハイエース,XL,レッド,40代,男性,195/80R15,2025,ダンロップ,未選択,2026/07/04,雨,未選択,実施,供給バナーヘア高いパン動物叔父。
2025/09/27(Sat) 07:56,タイヤ相談,業者,横浜,580,さ,8726,トヨタ,ハイエース,XL,ブルー,不明,不明,195/80R15,2024,ブリヂストン,BluEarth,2026/07/04,曇り,所長,実施,数字デッド奨励しますハンマー。
2025/08/15(Fri) 19:49,その他,常連,横浜,330,さ,9959,トヨタ,ハイエース,XL,ブラック,40代,不明,195/80R15,2023,未選択,Ecopia,2026/07/04,晴れ,未選択,未実施,倫理仕上げ品質ハンマー目的合計自体。
2025/11/23(Sun) 14:34,その他,一般,横浜,580,ま,4206,BMW,ミニクーパー,S,ホワイト,50代,女性,175/65R15,2024,ブリヂストン,REGNO,2026/07/04,雪,ベテラン社員,実施,
2024/09/10(Tue) 10:46,オイル交換,新規,横浜,300,き,7231,ダイハツ,タント,S,レッド,50代,不明,155/65R14,2025,ブリヂストン,BluEarth,2026/07/04,曇り,PA2,実施,
2025/07/09(Wed) 17:55,洗車,常連,横浜,330,さ,8920,トヨタ,ハイエース,XL,レッド,20代,男性,195/80R15,2025,未選択,REGNO,2026/07/05,雪,PA1,未実施,
2025/11/19(Wed) 12:48,洗車,業者,横浜,580,る,4150,マツダ,CX-5,L,ホワイト,20代,女性,225/65R17,2024,トーヨー,BluEarth,2026/07/05,雪,所長,実施,行進彼女反射今日。
2025/11/13(Thu) 11:31,給油,業者,横浜,300,れ,3880,トヨタ,プリウス,M,ホワイト,30代,男性,195/65R15,2021,未選択,BluEarth,2026/07/05,晴れ,未選択,実施,自体再現する販売日曜日鉱山運。
2025/11/12(Wed) 14:15,給油,新規,横浜,580,れ,5327,日産,セレナ,L,ブルー,20代,男性,195/65R16,2025,未選択,REGNO,2026/07/05,雪,主任リーダー,実施,リンク君はじぶんの脊椎ヘア改善創傷。
2025/10/26(Sun) 10:23,オイル交換,常連,横浜,300,ま,6761,トヨタ,プリウス,M,レッド,50代,女性,195/65R15,2023,ダンロップ,BluEarth,2026/07/05,雨,所長,未実施,サワー主人スペル彼教授。
2024/08/07(Wed) 21:56,洗車,業者,横浜,500,る,2718,ダイハツ,タント,S,ブラック,50代,男性,155/65R14,2025,ブリヂストン,Ecopia,2026/07/05,晴れ,PA2,未実施,持っていましたバケツオークション改善。
2026/02/16(Mon) 10:56,オイル交換,業者,横浜,580,さ,1661,トヨタ,ハイエース,XL,レッド,30代,不明,195/80R15,2024,ダンロップ,BluEarth,2026/07/06,雪,社員A,未実施,彼女今日知覚不自然なクールあったジャム。
2025/11/12(Wed) 07:11,洗車,一般,横浜,580,さ,7621,トヨタ,プリウス,M,ブラック,30代,不明,195/65R15,2023,ダンロップ,Enasave,2026/07/06,雨,派遣社員,実施,
2026/01/20(Tue) 21:55,給油,業者,横浜,300,ま,8242,トヨタ,プリウス,M,ブルー,50代,男性,195/65R15,2024,ブリヂストン,Ecopia,2026/07/06,雪,未選択,未実施,花嫁ソース同行ピックバス感謝する溝テント。
2025/07/21(Mon) 14:53,給油,業者,横浜,500,る,2188,トヨタ,VOXY,LL,ブラック,50代,男性,195/65R15,2024,ブリヂストン,未選択,2026/07/07,曇り,ベテラン社員,実施,催眠術立派なコーナー評議会。
2025/12/13(Sat) 09:22,タイヤ相談,常連,横浜,580,る,1459,BMW,ミニクーパー,S,ブルー,60代以上,男性,175/65R15,2023,トーヨー,未選択,2026/07/07,晴れ,未選択,未実施,
2025/06/25(Wed) 12:48,タイヤ相談,常連,横浜,300,き,1965,BMW,ミニクーパー,S,シルバー,30代,不明,175/65R15,2023,ヨコハマ,REGNO,2026/07/08,雨,派遣社員,実施,
2024/08/19(Mon) 08:37,タイヤ相談,常連,横浜,330,さ,3637,BMW,ミニクーパー,S,シルバー,不明,女性,175/65R15,2023,ヨコハマ,REGNO,2026/07/08,曇り,ベテランPA,実施,ホイール見落とす再現する野球。
2025/07/03(Thu) 08:56,給油,業者,横浜,500,さ,9379,トヨタ,プリウス,M,ブラック,50代,男性,195/65R15,2024,トーヨー,未選択,2026/07/08,曇り,主任リーダー,未実施,
2025/12/10(Wed) 20:25,タイヤ相談,常連,横浜,500,ま,3431,ホンダ,N-BOX,S,ホワイト,20代,男性,155/65R14,2024,ヨコハマ,未選択,2026/07/08,曇り,主任リーダー,未実施,
2024/11/25(Mon) 13:26,洗車,一般,横浜,500,さ,6003,ホンダ,N-BOX,S,シルバー,不明,男性,155/65R14,2024,未選択,Enasave,2026/07/08,雨,所長,未実施,隠す見落とすヘアリハビリ。
2025/05/18(Sun) 15:53,洗車,常連,横浜,580,れ,8616,BMW,ミニクーパー,S,シルバー,40代,男性,175/65R15,2024,ダンロップ,BluEarth,2026/07/08,晴れ,派遣社員,実施,
2024/07/16(Tue) 12:56,その他,一般,横浜,500,さ,9378,トヨタ,ハイエース,XL,ブラック,不明,不明,195/80R15,2023,未選択,Ecopia,2026/07/08,曇り,主任リーダー,未実施,
2024/12/27(Fri) 12:33,給油,一般,横浜,580,れ,5981,ホンダ,N-BOX,S,ホワイト,20代,不明,155/65R14,2025,ブリヂストン,BluEarth,2026/07/08,雪,未選択,未実施,高いささやきヒット織るトリビュート教会。
2025/07/11(Fri) 08:11,洗車,常連,横浜,300,ま,5996,ダイハツ,タント,S,ホワイト,40代,不明,155/65R14,2021,トーヨー,REGNO,2026/07/09,雨,派遣社員,未実施,管理する通行料金サンプル自体持つフレーム。
2025/02/24(Mon) 08:35,洗車,新規,横浜,580,る,478,マツダ,CX-5,L,ブルー,20代,女性,225/65R17,2021,ヨコハマ,Ecopia,2026/07/09,曇り,未選択,実施,協力文言偏差暖かい織るコーナーノート。
2025/11/28(Fri) 15:12,オイル交換,一般,横浜,330,ま,5194,トヨタ,プリウス,M,ブルー,40代,男性,195/65R15,2022,ダンロップ,BluEarth,2026/07/09,雨,PA2,実施,近代化するスキーム風景リフト。
2025/03/20(Thu) 10:34,洗車,常連,横浜,580,さ,8164,トヨタ,ハイエース,XL,ブラック,不明,男性,195/80R15,2023,トーヨー,BluEarth,2026/07/09,曇り,ベテラン社員,未実施,
2024/07/24(Wed) 17:58,その他,常連,横浜,300,れ,1195,ダイハツ,タント,S,シルバー,30代,不明,155/65R14,2021,ヨコハマ,BluEarth,2026/07/10,晴れ,未選択,未実施,索引発生する画面サンプル戦略的。
2025/09/28(Sun) 14:55,オイル交換,一般,横浜,500,ま,2020,ダイハツ,タント,S,ブルー,不明,女性,155/65R14,2025,ヨコハマ,REGNO,2026/07/10,雪,所長,実施,カレッジ大統領極端なスキーム拡張尊敬するバスケット。
2024/09/22(Sun) 10:49,タイヤ相談,常連,横浜,300,さ,4143,ダイハツ,タント,S,ホワイト,40代,不明,155/65R14,2022,未選択,REGNO,2026/07/10,曇り,ベテラン社員,未実施,
2024/10/19(Sat) 14:18,洗車,業者,横浜,500,れ,9941,トヨタ,プリウス,M,レッド,50代,女性,195/65R15,2021,ダンロップ,Ecopia,2026/07/10,晴れ,ベテランPA,実施,
2025/06/21(Sat) 14:25,給油,業者,横浜,330,れ,3419,トヨタ,VOXY,LL,ホワイト,不明,女性,195/65R15,2024,トーヨー,Ecopia,2026/07/10,曇り,所長,未実施,
2025/02/11(Tue) 12:21,洗車,一般,横浜,580,ま,3806,マツダ,CX-5,L,ブルー,不明,女性,225/65R17,2025,ブリヂストン,Ecopia,2026/07/11,雪,社員A,未実施,分割コーナー高い証言する。
2025/05/29(Thu) 18:23,給油,一般,横浜,300,れ,2156,ダイハツ,タント,S,ブラック,不明,女性,155/65R14,2024,ダンロップ,REGNO,2026/07/11,曇り,PA1,実施,雪野球副シェービング賞賛する賞賛する明らかにする保証金。
2024/10/29(Tue) 21:01,オイル交換,常連,横浜,500,る,6130,マツダ,CX-5,L,レッド,60代以上,男性,225/65R17,2022,トーヨー,Enasave,2026/07/11,曇り,派遣社員,未実施,
2025/10/21(Tue) 21:05,その他,常連,横浜,300,る,2356,トヨタ,VOXY,LL,シルバー,不明,男性,195/65R15,2021,ダンロップ,Enasave,2026/07/11,雪,PA2,実施,
2025/06/09(Mon) 09:00,その他,業者,横浜,580,き,1124,トヨタ,VOXY,LL,レッド,60代以上,不明,195/65R15,2025,未選択,BluEarth,2026/07/11,雨,PA2,未実施,
2025/06/28(Sat) 09:03,オイル交換,業者,横浜,580,る,3252,ダイハツ,タント,S,ホワイト,30代,男性,155/65R14,2021,トーヨー,BluEarth,2026/07/11,晴れ,未選択,実施,証言する癌カラムブレーキ午前協力ジャム見落とす。
2025/02/24(Mon) 17:57,オイル交換,常連,横浜,580,さ,9863,トヨタ,プリウス,M,ホワイト,30代,男性,195/65R15,2025,ブリヂストン,BluEarth,2026/07/11,雪,主任リーダー,未実施,カレッジバケツ極端な花嫁ヘア同行催眠術チーズ。
2025/02/27(Thu) 14:36,洗車,一般,横浜,500,ま,3534,トヨタ,VOXY,LL,レッド,60代以上,不明,195/65R15,2024,ブリヂストン,Enasave,2026/07/11,雨,ベテラン社員,未実施,それ装置指名テント。
2026/02/24(Tue) 11:00,その他,一般,横浜,330,れ,8443,トヨタ,VOXY,LL,ブルー,50代,女性,195/65R15,2025,トーヨー,未選択,2026/07/12,雪,主任リーダー,実施,
2024/07/22(Mon) 17:57,タイヤ相談,新規,横浜,580,ま,7021,ダイハツ,タント,S,ブルー,不明,不明,155/65R14,2023,ヨコハマ,Enasave,2026/07/12,晴れ,未選択,実施,あなた自身シュガーコミュニケーション。
2024/10/31(Thu) 20:16,その他,新規,横浜,500,き,4311,トヨタ,VOXY,LL,ホワイト,20代,女性,195/65R15,2025,ヨコハマ,Ecopia,2026/07/12,曇り,PA2,実施,
2025/06/03(Tue) 18:49,タイヤ相談,一般,横浜,300,さ,983,ホンダ,N-BOX,S,ブルー,60代以上,男性,155/65R14,2023,ヨコハマ,Ecopia,2026/07/13,雪,社員A,実施,コーラス彼陶器ノートクール職人。
2025/07/14(Mon) 15:04,オイル交換,常連,横浜,330,る,3095,ホンダ,N-BOX,S,ホワイト,30代,女性,155/65R14,2024,トーヨー,Enasave,2026/07/13,雪,PA2,実施,
2026/02/13(Fri) 14:25,その他,新規,横浜,500,る,2037,ホンダ,N-BOX,S,ホワイト,50代,男性,155/65R14,2022,未選択,REGNO,2026/07/13,雪,PA1,実施,チーズ教会催眠術呼ぶ革新。
2025/01/12(Sun) 12:57,給油,一般,横浜,330,ま,1107,トヨタ,ハイエース,XL,ブルー,40代,男性,195/80R15,2021,未選択,REGNO,2026/07/13,雪,PA2,未実施,
2025/04/07(Mon) 07:41,洗車,一般,横浜,500,る,2936,ホンダ,N-BOX,S,シルバー,不明,男性,155/65R14,2022,未選択,BluEarth,2026/07/13,雨,PA1,実施,
2025/02/24(Mon) 14:27,給油,常連,横浜,500,き,7699,トヨタ,VOXY,LL,ブルー,不明,不明,195/65R15,2024,トーヨー,Enasave,2026/07/13,雨,社員A,実施,
2024/12/22(Sun) 08:45,オイル交換,業者,横浜,300,き,2429,トヨタ,VOXY,LL,ブルー,20代,不明,195/65R15,2025,ヨコハマ,REGNO,2026/07/13,雪,社員A,実施,部隊厳しいサンプルブレーキ。
2024/07/28(Sun) 13:51,オイル交換,常連,横浜,500,さ,7491,日産,セレナ,L,シルバー,30代,女性,195/65R16,2021,ダンロップ,Ecopia,2026/07/13,晴れ,未選択,実施,
2025/03/24(Mon) 17:23,タイヤ相談,業者,横浜,500,き,1947,BMW,ミニクーパー,S,ブルー,50代,女性,175/65R15,2021,ブリヂストン,未選択,2026/07/13,晴れ,PA1,未実施,符号運コーナーデフォルトサラダ状況虐待。
2025/03/04(Tue) 19:55,オイル交換,業者,横浜,330,さ,2249,日産,セレナ,L,ブルー,60代以上,女性,195/65R16,2023,ヨコハマ,Enasave,2026/07/13,雪,ベテランPA,実施,
2026/01/20(Tue) 07:18,オイル交換,新規,横浜,330,き,9099,マツダ,CX-5,L,ブラック,60代以上,男性,225/65R17,2022,ブリヂストン,BluEarth,2026/07/14,雨,未選択,未実施,
2025/04/21(Mon) 16:09,給油,一般,横浜,500,ま,9604,日産,セレナ,L,ホワイト,40代,男性,195/65R16,2025,ブリヂストン,Enasave,2026/07/14,雨,派遣社員,実施,
2024/11/16(Sat) 11:44,洗車,新規,横浜,300,き,5636,日産,セレナ,L,ホワイト,20代,女性,195/65R16,2022,ヨコハマ,未選択,2026/07/15,曇り,ベテランPA,未実施,擁するトレーナー錯覚ダッシュ陶器サワー教授。
2025/11/22(Sat) 19:30,給油,新規,横浜,330,る,1227,BMW,ミニクーパー,S,ブラック,20代,女性,175/65R15,2021,ブリヂストン,BluEarth,2026/07/15,曇り,主任リーダー,実施,
2024/12/12(Thu) 21:28,その他,新規,横浜,300,さ,2966,ダイハツ,タント,S,シルバー,30代,女性,155/65R14,2024,ブリヂストン,REGNO,2026/07/15,曇り,所長,実施,
2025/10/21(Tue) 12:27,タイヤ相談,新規,横浜,330,ま,5683,マツダ,CX-5,L,レッド,20代,男性,225/65R17,2024,ブリヂストン,BluEarth,2026/07/15,雨,派遣社員,実施,
2024/12/18(Wed) 16:19,タイヤ相談,業者,横浜,300,ま,9437,BMW,ミニクーパー,S,ブラック,60代以上,男性,175/65R15,2022,ヨコハマ,Enasave,2026/07/15,雨,主任リーダー,未実施,装置学生欠乏雪彼不自然な。
2024/09/10(Tue) 21:23,その他,常連,横浜,580,さ,7252,ダイハツ,タント,S,ブルー,60代以上,不明,155/65R14,2021,ダンロップ,Ecopia,2026/07/16,曇り,ベテラン社員,実施,改善奨励しますトーン尊敬する差別する知覚。
2025/02/10(Mon) 10:19,洗車,一般,横浜,500,る,9349,ホンダ,N-BOX,S,シルバー,40代,女性,155/65R14,2024,ヨコハマ,未選択,2026/07/16,雪,未選択,未実施,高いハンマートス倫理チーズ。
2025/03/20(Thu) 21:46,その他,業者,横浜,330,る,4341,トヨタ,プリウス,M,ブラック,40代,女性,195/65R15,2024,ヨコハマ,Enasave,2026/07/16,雨,派遣社員,未実施,フェミニストタワー移動ヘア運教授。
2025/10/24(Fri) 16:38,給油,業者,横浜,330,る,133,マツダ,CX-5,L,レッド,20代,不明,225/65R17,2021,トーヨー,BluEarth,2026/07/16,雨,社員A,実施,中世日曜日隠す省略軸行進。
2024/10/19(Sat) 08:03,タイヤ相談,一般,横浜,330,れ,3148,トヨタ,VOXY,LL,ブルー,30代,不明,195/65R15,2024,トーヨー,Enasave,2026/07/17,雨,主任リーダー,実施,賞賛する彼女学生協力極端な行進。
2024/08/15(Thu) 10:59,オイル交換,新規,横浜,580,き,8871,マツダ,CX-5,L,ブルー,40代,不明,225/65R17,2025,ヨコハマ,Enasave,2026/07/17,晴れ,社員A,未実施,
2024/09/18(Wed) 14:49,その他,新規,横浜,330,る,3821,ホンダ,N-BOX,S,シルバー,20代,不明,155/65R14,2022,ダンロップ,BluEarth,2026/07/17,晴れ,所長,実施,ダニコミュニケーションホイール。
2026/01/25(Sun) 18:50,その他,新規,横浜,330,れ,9383,日産,セレナ,L,ブラック,50代,男性,195/65R16,2023,ブリヂストン,REGNO,2026/07/17,雪,PA2,実施,
2024/12/07(Sat) 14:51,洗車,業者,横浜,300,さ,9251,トヨタ,ハイエース,XL,ブラック,50代,女性,195/80R15,2022,トーヨー,Enasave,2026/07/17,雪,主任リーダー,未実施,出演者君は転倒学生探査埋め込む。
2025/11/17(Mon) 09:20,給油,一般,横浜,330,き,7558,BMW,ミニクーパー,S,ブルー,20代,不明,175/65R15,2023,ヨコハマ,Ecopia,2026/07/18,雪,ベテラン社員,実施,
2025/02/07(Fri) 07:06,洗車,一般,横浜,500,き,3641,日産,セレナ,L,レッド,30代,不明,195/65R16,2024,ダンロップ,Enasave,2026/07/18,晴れ,未選択,未実施,立派なパン連続午前癌。
2026/02/21(Sat) 17:14,洗車,業者,横浜,330,れ,8224,トヨタ,VOXY,LL,ブラック,不明,男性,195/65R15,2023,ヨコハマ,Enasave,2026/07/18,雪,PA2,実施,
2024/09/03(Tue) 09:48,給油,業者,横浜,580,る,1846,マツダ,CX-5,L,レッド,60代以上,不明,225/65R17,2021,ダンロップ,未選択,2026/07/18,晴れ,社員A,未実施,
2026/01/18(Sun) 13:15,その他,新規,横浜,500,き,1012,トヨタ,ハイエース,XL,ブラック,不明,女性,195/80R15,2021,ヨコハマ,Enasave,2026/07/18,雨,主任リーダー,未実施,
2025/05/10(Sat) 20:21,オイル交換,一般,横浜,330,き,8900,トヨタ,VOXY,LL,ブルー,20代,女性,195/65R15,2021,ブリヂストン,Ecopia,2026/07/18,晴れ,PA1,実施,意図葉不自然な鉱山リニア器官符号。
2025/08/19(Tue) 14:00,オイル交換,業者,横浜,330,き,6542,トヨタ,ハイエース,XL,ブラック,40代,女性,195/80R15,2022,ヨコハマ,Enasave,2026/07/19,雨,ベテラン社員,未実施,ノート日曜日ニュースは見落とす彼叔父。
2024/08/25(Sun) 14:00,洗車,新規,横浜,500,る,538,トヨタ,VOXY,LL,ブルー,不明,男性,195/65R15,2024,未選択,Ecopia,2026/07/19,雨,未選択,未実施,
2025/09/02(Tue) 16:03,洗車,業者,横浜,580,さ,8678,マツダ,CX-5,L,ブルー,30代,男性,225/65R17,2022,ブリヂストン,REGNO,2026/07/19,雪,派遣社員,実施,
2025/04/03(Thu) 15:13,オイル交換,一般,横浜,300,き,4813,マツダ,CX-5,L,シルバー,40代,男性,225/65R17,2022,トーヨー,REGNO,2026/07/20,晴れ,PA1,未実施,人形符号主人サラダクロスプラスチック主人。
2025/06/28(Sat) 18:39,洗車,業者,横浜,300,る,1462,トヨタ,VOXY,LL,ホワイト,30代,男性,195/65R15,2024,ダンロップ,Ecopia,2026/07/20,晴れ,派遣社員,未実施,ノート楽しんで障害革新デフォルト午前差別する。
2025/08/02(Sat) 14:19,その他,常連,横浜,580,き,7336,ダイハツ,タント,S,シルバー,不明,男性,155/65R14,2023,トーヨー,Ecopia,2026/07/20,曇り,PA2,未実施,
2026/01/07(Wed) 14:10,オイル交換,一般,横浜,500,る,10,トヨタ,ハイエース,XL,ブルー,40代,不明,195/80R15,2025,ブリヂストン,REGNO,2026/07/20,雨,派遣社員,未実施,高いパイオニア立派なそれ奨励します織るコーナー。
2025/10/05(Sun) 07:42,オイル交換,業者,横浜,330,ま,4192,トヨタ,プリウス,M,シルバー,50代,女性,195/65R15,2024,ダンロップ,REGNO,2026/07/21,曇り,所長,未実施,
2025/12/24(Wed) 07:56,給油,新規,横浜,330,る,5441,マツダ,CX-5,L,ブラック,20代,男性,225/65R17,2024,トーヨー,未選択,2026/07/21,雨,PA2,未実施,
2025/01/02(Thu) 15:56,その他,業者,横浜,580,る,9268,ホンダ,N-BOX,S,ブラック,60代以上,男性,155/65R14,2022,トーヨー,Enasave,2026/07/21,曇り,ベテラン社員,実施,助けて倫理部隊。
2025/03/28(Fri) 18:52,タイヤ相談,業者,横浜,330,れ,9568,トヨタ,プリウス,M,ブルー,40代,男性,195/65R15,2022,ダンロップ,Enasave,2026/07/22,曇り,ベテランPA,実施,パン彼バーゲン革新犯罪者。
2026/01/14(Wed) 08:54,オイル交換,業者,横浜,300,る,5328,ホンダ,N-BOX,S,ブルー,不明,男性,155/65R14,2024,ヨコハマ,BluEarth,2026/07/22,雨,ベテランPA,実施,トリビュート普通のコピー電話脊椎。
2025/12/16(Tue) 16:42,タイヤ相談,業者,横浜,580,き,7266,トヨタ,VOXY,LL,ブルー,60代以上,男性,195/65R15,2023,未選択,Enasave,2026/07/22,雨,PA1,実施,
2026/02/02(Mon) 18:02,その他,業者,横浜,330,き,3652,日産,セレナ,L,ブルー,不明,不明,195/65R16,2022,ダンロップ,BluEarth,2026/07/23,雪,主任リーダー,実施,
2026/02/15(Sun) 14:09,その他,一般,横浜,300,れ,7664,BMW,ミニクーパー,S,レッド,50代,不明,175/65R15,2022,未選択,未選択,2026/07/23,雪,PA1,実施,
2025/07/06(Sun) 07:24,その他,業者,横浜,580,れ,574,BMW,ミニクーパー,S,ブルー,40代,女性,175/65R15,2021,ヨコハマ,Ecopia,2026/07/23,雨,PA1,未実施,
2025/07/16(Wed) 13:40,オイル交換,業者,横浜,300,き,1273,トヨタ,プリウス,M,ブラック,30代,男性,195/65R15,2022,ヨコハマ,Enasave,2026/07/23,晴れ,未選択,実施,探査主人癌敵。
2025/04/14(Mon) 09:58,給油,新規,横浜,500,る,2931,ホンダ,N-BOX,S,ブラック,40代,不明,155/65R14,2023,トーヨー,Ecopia,2026/07/24,雨,PA1,未実施,建築コミュニティ通行料金学生試してみる風景。
2025/09/18(Thu) 12:21,洗車,新規,横浜,580,れ,9745,BMW,ミニクーパー,S,ホワイト,30代,男性,175/65R15,2023,トーヨー,Ecopia,2026/07/24,曇り,PA1,実施,持ってるクロス残る索引コーラス特徴チーズ。
2025/04/18(Fri) 07:09,タイヤ相談,新規,横浜,300,る,1576,トヨタ,プリウス,M,ブルー,60代以上,女性,195/65R15,2025,トーヨー,BluEarth,2026/07/24,晴れ,所長,未実施,
2026/02/05(Thu) 12:14,洗車,業者,横浜,300,さ,5574,BMW,ミニクーパー,S,ブルー,40代,不明,175/65R15,2025,トーヨー,REGNO,2026/07/24,雪,所長,未実施,舗装戦略的コーナー画面教授行進トーン電話。
2025/03/08(Sat) 20:59,オイル交換,一般,横浜,330,れ,8458,ホンダ,N-BOX,S,ブルー,20代,不明,155/65R14,2024,ヨコハマ,Enasave,2026/07/24,雨,所長,未実施,参加するパーセント主婦品質職人。
2024/09/11(Wed) 14:22,オイル交換,業者,横浜,500,ま,5892,トヨタ,プリウス,M,ブルー,不明,女性,195/65R15,2021,ブリヂストン,BluEarth,2026/07/26,雪,派遣社員,未実施,
2024/08/23(Fri) 19:39,洗車,常連,横浜,500,れ,2560,ホンダ,N-BOX,S,ブルー,20代,男性,155/65R14,2025,未選択,BluEarth,2026/07/26,曇り,ベテラン社員,未実施,職人管理するシュガーサラダハンマー器官。
2025/01/16(Thu) 20:37,その他,一般,横浜,580,れ,1210,日産,セレナ,L,ホワイト,60代以上,女性,195/65R16,2025,ダンロップ,Enasave,2026/07/26,曇り,社員A,未実施,索引彼職人トス擁する午前トースト。
2024/08/17(Sat) 16:54,洗車,一般,横浜,330,る,330,日産,セレナ,L,ブラック,40代,不明,195/65R16,2022,ヨコハマ,未選択,2026/07/26,雪,未選択,未実施,スペル明らかにするクルー月編組。
2025/04/29(Tue) 07:24,オイル交換,一般,横浜,330,る,7188,日産,セレナ,L,ホワイト,60代以上,男性,195/65R16,2024,ダンロップ,BluEarth,2026/07/26,晴れ,所長,実施,
2025/08/14(Thu) 11:06,洗車,業者,横浜,330,れ,326,トヨタ,VOXY,LL,シルバー,60代以上,男性,195/65R15,2022,ヨコハマ,未選択,2026/07/26,雪,派遣社員,実施,陶器持ってる催眠術。
2025/08/13(Wed) 09:55,タイヤ相談,業者,横浜,500,さ,4815,ダイハツ,タント,S,ブルー,20代,女性,155/65R14,2024,ヨコハマ,未選択,2026/07/27,雪,所長,未実施,サラダ残るインチ日曜日。
2024/11/09(Sat) 09:09,タイヤ相談,常連,横浜,580,さ,3637,日産,セレナ,L,ブルー,不明,女性,195/65R16,2024,ダンロップ,Enasave,2026/07/27,晴れ,ベテラン社員,実施,
2025/09/27(Sat) 13:18,洗車,常連,横浜,500,れ,3499,トヨタ,VOXY,LL,レッド,30代,女性,195/65R15,2024,ブリヂストン,Ecopia,2026/07/27,雪,所長,未実施,
2025/06/07(Sat) 08:37,オイル交換,業者,横浜,300,る,1655,BMW,ミニクーパー,S,ブラック,50代,不明,175/65R15,2025,ブリヂストン,REGNO,2026/07/27,曇り,PA1,実施,デッドパイオニア見出し擁するバーゲンバケツ戦略的シェービング。
2025/09/21(Sun) 10:21,オイル交換,新規,横浜,330,さ,4374,トヨタ,ハイエース,XL,ブルー,20代,女性,195/80R15,2024,ブリヂストン,REGNO,2026/07/27,雪,未選択,実施,細かい日曜日見出し衝突催眠術。
2025/02/17(Mon) 20:21,洗車,業者,横浜,300,ま,4225,日産,セレナ,L,ホワイト,20代,男性,195/65R16,2024,未選択,Enasave,2026/07/28,雨,未選択,実施,キャビンリフト目的。
2026/01/16(Fri) 10:15,タイヤ相談,一般,横浜,330,き,4128,ダイハツ,タント,S,ホワイト,50代,男性,155/65R14,2022,トーヨー,Enasave,2026/07/28,雪,主任リーダー,未実施,憲法感謝する私隠す同行。
2025/11/20(Thu) 19:00,タイヤ相談,新規,横浜,580,さ,3169,日産,セレナ,L,ブルー,30代,女性,195/65R16,2025,ダンロップ,Ecopia,2026/07/28,雨,ベテランPA,実施,
2024/09/22(Sun) 12:07,オイル交換,常連,横浜,300,き,5186,ホンダ,N-BOX,S,レッド,30代,不明,155/65R14,2023,トーヨー,Ecopia,2026/07/28,雪,ベテラン社員,未実施,
2025/06/27(Fri) 20:32,その他,業者,横浜,330,る,2006,マツダ,CX-5,L,ホワイト,不明,男性,225/65R17,2024,ブリヂストン,BluEarth,2026/07/28,雨,派遣社員,実施,
2025/02/28(Fri) 07:38,給油,常連,横浜,330,ま,3775,トヨタ,プリウス,M,ブラック,不明,男性,195/65R15,2024,ダンロップ,未選択,2026/07/28,晴れ,社員A,未実施,午前革新ノート仕上げリフト。
2026/02/06(Fri) 19:10,タイヤ相談,業者,横浜,300,る,196,トヨタ,VOXY,LL,ホワイト,40代,不明,195/65R15,2025,未選択,未選択,2026/07/28,雪,PA1,未実施,じぶんのアクセルペダル拡張敵対的な鉱山。
2025/12/18(Thu) 18:56,洗車,業者,横浜,300,れ,1319,マツダ,CX-5,L,ホワイト,40代,不明,225/65R17,2022,ヨコハマ,Enasave,2026/07/29,晴れ,派遣社員,未実施,
2025/06/04(Wed) 15:46,給油,新規,横浜,580,れ,1241,トヨタ,VOXY,LL,レッド,50代,女性,195/65R15,2024,ヨコハマ,REGNO,2026/07/29,曇り,所長,実施,特徴柔らかい革新持ってる血まみれのソース移動。
2024/10/07(Mon) 08:31,給油,業者,横浜,330,さ,1452,BMW,ミニクーパー,S,ブラック,不明,女性,175/65R15,2023,未選択,Enasave,2026/07/29,晴れ,主任リーダー,実施,
2025/02/19(Wed) 20:29,その他,常連,横浜,300,さ,7084,BMW,ミニクーパー,S,ホワイト,50代,男性,175/65R15,2024,ヨコハマ,未選択,2026/07/30,曇り,ベテラン社員,実施,
2025/11/14(Fri) 17:37,その他,一般,横浜,330,ま,679,マツダ,CX-5,L,ブラック,20代,不明,225/65R17,2022,トーヨー,Ecopia,2026/07/30,雪,ベテラン社員,実施,
2025/02/19(Wed) 12:42,その他,業者,横浜,500,る,8750,マツダ,CX-5,L,ブルー,50代,男性,225/65R17,2025,未選択,REGNO,2026/07/30,雪,社員A,実施,
2024/08/11(Sun) 08:44,タイヤ相談,常連,横浜,330,さ,1771,トヨタ,ハイエース,XL,レッド,50代,不明,195/80R15,2025,未選択,未選択,2026/07/30,曇り,ベテランPA,未実施,
2024/10/05(Sat) 07:20,洗車,新規,横浜,580,れ,9708,BMW,ミニクーパー,S,ホワイト,40代,女性,175/65R15,2022,ヨコハマ,Ecopia,2026/07/30,晴れ,PA2,未実施,符号移動尿サワーないインチヒット。
2025/07/02(Wed) 10:04,洗車,一般,横浜,330,れ,5373,トヨタ,ハイエース,XL,ブルー,30代,女性,195/80R15,2025,ブリヂストン,未選択,2026/07/31,雪,派遣社員,実施,ハードウェア感謝する行進クール創傷ノートブラケット。
2025/05/07(Wed) 19:03,タイヤ相談,新規,横浜,500,き,1353,トヨタ,プリウス,M,ブラック,50代,女性,195/65R15,2024,未選択,REGNO,2026/07/31,雨,派遣社員,実施,月主婦ヒール器官明らかにする。
2024/08/31(Sat) 12:40,給油,常連,横浜,300,さ,7637,BMW,ミニクーパー,S,ブルー,50代,不明,175/65R15,2024,ヨコハマ,Ecopia,2026/07/31,雨,派遣社員,実施,スマッシュシェービング呼ぶ。
2026/02/10(Tue) 20:45,タイヤ相談,新規,横浜,330,さ,5607,ダイハツ,タント,S,ブルー,20代,女性,155/65R14,2025,未選択,BluEarth,2026/07/31,晴れ,PA1,未実施,編組テントクルーコミュニティ追放する。
2025/01/14(Tue) 08:23,オイル交換,一般,横浜,330,さ,4118,マツダ,CX-5,L,ブルー,60代以上,女性,225/65R17,2022,未選択,REGNO,2026/08/01,曇り,未選択,実施,
2024/11/19(Tue) 21:06,タイヤ相談,新規,横浜,500,さ,5976,トヨタ,ハイエース,XL,ブルー,40代,女性,195/80R15,2025,ダンロップ,REGNO,2026/08/01,雪,社員A,未実施,大統領教会ブラケットダニ創傷。
2024/11/25(Mon) 14:42,タイヤ相談,一般,横浜,580,さ,4709,トヨタ,プリウス,M,ホワイト,30代,男性,195/65R15,2023,ヨコハマ,Enasave,2026/08/02,雨,PA1,未実施,彼サラダダイヤモンドパン軸。
2025/07/09(Wed) 08:35,その他,常連,横浜,300,き,3777,トヨタ,VOXY,LL,シルバー,40代,男性,195/65R15,2021,未選択,Enasave,2026/08/02,雨,PA2,未実施,
2026/02/14(Sat) 17:17,タイヤ相談,一般,横浜,330,さ,4983,ダイハツ,タント,S,ホワイト,40代,男性,155/65R14,2021,トーヨー,未選択,2026/08/02,雨,派遣社員,実施,
2025/12/14(Sun) 11:04,オイル交換,常連,横浜,580,れ,6872,ホンダ,N-BOX,S,シルバー,40代,男性,155/65R14,2025,ダンロップ,BluEarth,2026/08/02,雨,所長,実施,建築教会ジャム電池。
2026/02/23(Mon) 16:53,タイヤ相談,新規,横浜,500,る,6121,ダイハツ,タント,S,シルバー,20代,不明,155/65R14,2022,ブリヂストン,REGNO,2026/08/03,晴れ,PA1,実施,催眠術ベルベット意図証言する錯覚障害見落とす。
2025/01/26(Sun) 18:32,その他,一般,横浜,300,れ,6573,日産,セレナ,L,レッド,30代,不明,195/65R16,2022,ヨコハマ,未選択,2026/08/03,曇り,所長,実施,
2026/02/12(Thu) 17:47,オイル交換,常連,横浜,300,る,7958,トヨタ,VOXY,LL,ブラック,30代,不明,195/65R15,2022,ヨコハマ,REGNO,2026/08/03,雨,PA1,未実施,
2025/12/26(Fri) 09:22,その他,業者,横浜,580,ま,3414,BMW,ミニクーパー,S,レッド,60代以上,不明,175/65R15,2021,トーヨー,Ecopia,2026/08/04,雨,ベテラン社員,未実施,奨励します普通の特徴。
2025/05/22(Thu) 19:59,オイル交換,一般,横浜,330,さ,6660,トヨタ,プリウス,M,ホワイト,20代,男性,195/65R15,2021,未選択,未選択,2026/08/04,雨,PA2,実施,メニュー証言する見落とすそれ中世試してみるクロス。
2025/11/12(Wed) 19:40,オイル交換,常連,横浜,500,ま,4270,トヨタ,プリウス,M,ブラック,20代,不明,195/65R15,2025,ブリヂストン,Ecopia,2026/08/04,雪,ベテランPA,実施,評議会クルートースト助けて雪。
2025/04/12(Sat) 08:57,給油,一般,横浜,580,ま,7345,BMW,ミニクーパー,S,レッド,40代,女性,175/65R15,2022,ヨコハマ,未選択,2026/08/04,晴れ,PA1,実施,
2025/12/01(Mon) 16:04,洗車,常連,横浜,500,き,1182,日産,セレナ,L,シルバー,60代以上,男性,195/65R16,2023,ヨコハマ,Ecopia,2026/08/04,曇り,社員A,未実施,
2025/04/04(Fri) 12:21,タイヤ相談,新規,横浜,580,れ,2352,トヨタ,ハイエース,XL,ブラック,20代,男性,195/80R15,2022,トーヨー,Ecopia,2026/08/04,雪,PA1,未実施,フレーム癌リンクストレージ教授。
2025/07/09(Wed) 18:30,タイヤ相談,業者,横浜,500,き,2685,日産,セレナ,L,シルバー,30代,女性,195/65R16,2022,未選択,REGNO,2026/08/04,雨,所長,未実施,葉追放する持つシェービング再現する協力。
2024/08/28(Wed) 15:18,タイヤ相談,新規,横浜,580,る,4694,マツダ,CX-5,L,レッド,不明,男性,225/65R17,2024,ダンロップ,REGNO,2026/08/05,雨,所長,実施,
2024/12/15(Sun) 15:26,その他,一般,横浜,580,る,9947,日産,セレナ,L,シルバー,60代以上,不明,195/65R16,2022,未選択,未選択,2026/08/05,曇り,未選択,未実施,
2025/04/30(Wed) 16:39,タイヤ相談,一般,横浜,300,さ,7814,トヨタ,ハイエース,XL,シルバー,30代,男性,195/80R15,2022,ヨコハマ,BluEarth,2026/08/05,晴れ,派遣社員,実施,
2025/08/19(Tue) 20:31,洗車,新規,横浜,300,さ,8636,トヨタ,VOXY,LL,ホワイト,60代以上,女性,195/65R15,2021,ヨコハマ,BluEarth,2026/08/05,雪,ベテランPA,実施,
2025/09/17(Wed) 16:02,タイヤ相談,常連,横浜,500,ま,7722,トヨタ,ハイエース,XL,ブラック,60代以上,不明,195/80R15,2023,ブリヂストン,未選択,2026/08/05,曇り,社員A,未実施,
2025/08/11(Mon) 10:51,オイル交換,一般,横浜,500,き,5604,マツダ,CX-5,L,ホワイト,20代,不明,225/65R17,2022,ダンロップ,BluEarth,2026/08/05,雨,社員A,未実施,
2025/09/06(Sat) 18:13,タイヤ相談,常連,横浜,330,る,6653,ダイハツ,タント,S,ブルー,20代,不明,155/65R14,2025,ブリヂストン,REGNO,2026/08/06,雪,未選択,未実施,
2025/01/10(Fri) 18:46,オイル交換,常連,横浜,330,き,3755,トヨタ,ハイエース,XL,ブラック,40代,不明,195/80R15,2024,ダンロップ,未選択,2026/08/06,雨,ベテラン社員,未実施,
2025/05/10(Sat) 11:40,その他,常連,横浜,500,る,3497,ホンダ,N-BOX,S,ホワイト,50代,女性,155/65R14,2024,トーヨー,Enasave,2026/08/06,雨,PA1,実施,
2025/02/28(Fri) 10:26,その他,新規,横浜,300,る,6231,日産,セレナ,L,ブルー,50代,女性,195/65R16,2024,トーヨー,未選択,2026/08/06,雪,社員A,実施,癌狐君は証言する細かいボトル血まみれの。
2025/12/17(Wed) 08:27,オイル交換,一般,横浜,580,る,1365,トヨタ,プリウス,M,レッド,20代,不明,195/65R15,2022,ダンロップ,BluEarth,2026/08/06,晴れ,派遣社員,実施,発生する反射ヒール狐。
2024/12/29(Sun) 21:12,洗車,新規,横浜,330,れ,9162,ダイハツ,タント,S,シルバー,50代,不明,155/65R14,2021,ダンロップ,BluEarth,2026/08/07,雪,所長,実施,
2025/05/26(Mon) 20:42,給油,新規,横浜,500,き,6843,トヨタ,プリウス,M,ブルー,20代,不明,195/65R15,2025,ダンロップ,Enasave,2026/08/07,曇り,社員A,未実施,
2025/11/12(Wed) 19:31,タイヤ相談,常連,横浜,300,る,8533,ホンダ,N-BOX,S,レッド,40代,女性,155/65R14,2025,ヨコハマ,Ecopia,2026/08/07,雨,主任リーダー,未実施,
2026/01/25(Sun) 11:39,オイル交換,新規,横浜,300,き,6805,トヨタ,VOXY,LL,ホワイト,50代,不明,195/65R15,2025,ブリヂストン,BluEarth,2026/08/07,曇り,主任リーダー,実施,チーズキャビン屋根裏風景教会。
2025/06/03(Tue) 21:21,オイル交換,常連,横浜,330,る,985,トヨタ,プリウス,M,ブラック,50代,不明,195/65R15,2024,ダンロップ,BluEarth,2026/08/07,雨,ベテラン社員,実施,
2025/05/21(Wed) 11:38,その他,常連,横浜,330,き,5456,トヨタ,プリウス,M,シルバー,30代,不明,195/65R15,2021,未選択,未選択,2026/08/08,雪,所長,未実施,ハードウェア指名デッド障害。
2025/10/08(Wed) 15:31,タイヤ相談,常連,横浜,300,き,5193,日産,セレナ,L,レッド,50代,不明,195/65R16,2025,未選択,Enasave,2026/08/08,晴れ,主任リーダー,実施,障害それ差別する。
2025/02/06(Thu) 21:49,給油,業者,横浜,300,れ,8972,マツダ,CX-5,L,ブラック,20代,男性,225/65R17,2022,ヨコハマ,BluEarth,2026/08/08,雪,主任リーダー,実施,
2025/09/04(Thu) 21:31,その他,一般,横浜,330,ま,9301,マツダ,CX-5,L,ブラック,50代,女性,225/65R17,2022,ダンロップ,Ecopia,2026/08/08,曇り,PA2,未実施,
2024/12/08(Sun) 15:36,オイル交換,一般,横浜,300,き,5745,トヨタ,VOXY,LL,レッド,60代以上,女性,195/65R15,2025,未選択,REGNO,2026/08/08,曇り,社員A,未実施,
2024/11/27(Wed) 20:17,給油,一般,横浜,580,る,6303,日産,セレナ,L,ブラック,40代,男性,195/65R16,2025,トーヨー,Ecopia,2026/08/09,曇り,派遣社員,実施,
2026/02/11(Wed) 18:32,オイル交換,新規,横浜,500,き,3288,マツダ,CX-5,L,ブラック,20代,不明,225/65R17,2025,トーヨー,BluEarth,2026/08/09,曇り,PA1,実施,
2025/10/14(Tue) 08:10,洗車,常連,横浜,300,き,8796,トヨタ,VOXY,LL,レッド,60代以上,男性,195/65R15,2025,ヨコハマ,Ecopia,2026/08/09,曇り,派遣社員,未実施,ダイヤモンド月販売ないは差別するダイヤモンド。
2025/06/28(Sat) 07:48,その他,新規,横浜,500,れ,1919,ダイハツ,タント,S,ブラック,20代,女性,155/65R14,2021,ヨコハマ,Ecopia,2026/08/09,雨,所長,未実施,部隊キャビネットデフォルト彼女。
2025/06/25(Wed) 14:08,タイヤ相談,業者,横浜,500,き,5220,ダイハツ,タント,S,ホワイト,不明,不明,155/65R14,2025,ブリヂストン,Ecopia,2026/08/09,晴れ,ベテランPA,未実施,デフォルトボトル敵中央メニュー。
2025/10/24(Fri) 21:22,給油,常連,横浜,330,き,3166,日産,セレナ,L,レッド,20代,女性,195/65R16,2021,ヨコハマ,未選択,2026/08/10,晴れ,ベテラン社員,未実施,
2025/07/15(Tue) 09:29,タイヤ相談,一般,横浜,300,さ,6710,ダイハツ,タント,S,ブルー,60代以上,女性,155/65R14,2025,ヨコハマ,Enasave,2026/08/10,晴れ,派遣社員,実施,トースト障害今日サンプル学生。
2025/05/28(Wed) 18:31,給油,常連,横浜,330,さ,5883,マツダ,CX-5,L,レッド,40代,男性,225/65R17,2023,ブリヂストン,未選択,2026/08/10,雨,PA2,実施,自体フレーム転倒追放する。
2025/01/11(Sat) 13:03,オイル交換,常連,横浜,500,さ,5115,トヨタ,VOXY,LL,ブルー,30代,不明,195/65R15,2021,ブリヂストン,Ecopia,2026/08/10,雨,派遣社員,未実施,葉拡張虐待販売。
2026/02/07(Sat) 17:39,その他,新規,横浜,580,さ,3408,トヨタ,VOXY,LL,レッド,40代,男性,195/65R15,2023,ヨコハマ,Ecopia,2026/08/10,雪,所長,未実施,倫理本質的な虐待プラスチック。
2024/10/05(Sat) 09:10,給油,業者,横浜,580,ま,2389,マツダ,CX-5,L,ホワイト,60代以上,不明,225/65R17,2021,ヨコハマ,Ecopia,2026/08/11,雪,未選択,実施,バーゲン参加する意図符号革新保持する。
2024/11/13(Wed) 12:18,タイヤ相談,新規,横浜,300,さ,895,日産,セレナ,L,ホワイト,20代,男性,195/65R16,2021,ダンロップ,Ecopia,2026/08/11,雨,PA1,実施,
2025/05/13(Tue) 09:59,タイヤ相談,一般,横浜,300,る,9734,ホンダ,N-BOX,S,シルバー,20代,男性,155/65R14,2025,ダンロップ,BluEarth,2026/08/11,曇り,所長,未実施,
2025/01/26(Sun) 19:05,その他,一般,横浜,330,る,1060,BMW,ミニクーパー,S,シルバー,不明,女性,175/65R15,2025,トーヨー,Ecopia,2026/08/11,晴れ,所長,未実施,今日厳しい野球シュガー隠すトースト花嫁。
2024/08/27(Tue) 16:38,その他,一般,横浜,330,き,8207,BMW,ミニクーパー,S,レッド,不明,不明,175/65R15,2024,ブリヂストン,BluEarth,2026/08/12,晴れ,未選択,実施,
2025/04/20(Sun) 16:36,給油,業者,横浜,580,れ,7691,トヨタ,ハイエース,XL,レッド,60代以上,男性,195/80R15,2021,ダンロップ,Ecopia,2026/08/12,雨,PA2,実施,
2025/06/06(Fri) 19:40,その他,一般,横浜,580,ま,8507,マツダ,CX-5,L,レッド,20代,女性,225/65R17,2022,未選択,未選択,2026/08/13,雪,社員A,実施,
2024/10/28(Mon) 14:23,タイヤ相談,常連,横浜,500,さ,1539,トヨタ,プリウス,M,ホワイト,40代,女性,195/65R15,2025,未選択,REGNO,2026/08/13,晴れ,社員A,実施,トス目的花嫁フェミニストフェミニストパン。
2025/10/18(Sat) 15:33,給油,常連,横浜,330,き,2984,トヨタ,ハイエース,XL,ホワイト,不明,不明,195/80R15,2023,ダンロップ,BluEarth,2026/08/13,雨,社員A,未実施,
2024/09/01(Sun) 11:07,洗車,常連,横浜,580,き,2539,BMW,ミニクーパー,S,シルバー,40代,不明,175/65R15,2023,トーヨー,BluEarth,2026/08/13,曇り,ベテランPA,実施,パーセントシュガー緩む式行進バナー出演者。
2025/04/22(Tue) 10:29,給油,常連,横浜,330,ま,5203,BMW,ミニクーパー,S,ブルー,20代,男性,175/65R15,2025,トーヨー,Ecopia,2026/08/14,雪,派遣社員,実施,クルー高いデフォルト建築クール運。
2025/04/04(Fri) 20:32,その他,常連,横浜,500,ま,2582,BMW,ミニクーパー,S,ホワイト,60代以上,不明,175/65R15,2024,ブリヂストン,Ecopia,2026/08/14,雨,ベテラン社員,未実施,トーン風景催眠術ブラケット。
2025/03/03(Mon) 08:06,その他,一般,横浜,300,ま,3203,マツダ,CX-5,L,ブルー,不明,男性,225/65R17,2022,ヨコハマ,REGNO,2026/08/15,曇り,ベテランPA,未実施,証言する意図カラム錯覚再現する。
2025/09/20(Sat) 17:33,給油,常連,横浜,300,ま,8958,ホンダ,N-BOX,S,ブラック,40代,男性,155/65R14,2022,ダンロップ,REGNO,2026/08/15,曇り,派遣社員,実施,
2025/08/23(Sat) 15:20,洗車,常連,横浜,330,さ,1903,トヨタ,ハイエース,XL,シルバー,50代,不明,195/80R15,2023,ブリヂストン,BluEarth,2026/08/15,雪,主任リーダー,未実施,
2025/09/15(Mon) 14:21,その他,新規,横浜,580,る,9245,マツダ,CX-5,L,シルバー,60代以上,不明,225/65R17,2024,ヨコハマ,未選択,2026/08/15,雨,社員A,実施,出演者器官協力楽しんで。
2025/07/08(Tue) 08:19,給油,新規,横浜,300,る,9828,ホンダ,N-BOX,S,レッド,40代,女性,155/65R14,2024,トーヨー,未選択,2026/08/15,晴れ,ベテラン社員,未実施,
2026/03/04(Wed) 15:01,タイヤ相談,常連,横浜,580,れ,5228,ホンダ,N-BOX,S,レッド,60代以上,不明,155/65R14,2022,トーヨー,REGNO,2026/08/15,晴れ,PA2,実施,追放するリハビリ建築動物サワー大統領。
2025/08/16(Sat) 19:37,洗車,一般,横浜,500,れ,3532,トヨタ,ハイエース,XL,ブルー,20代,女性,195/80R15,2025,未選択,未選択,2026/08/16,晴れ,社員A,実施,
2026/01/03(Sat) 15:14,オイル交換,業者,横浜,500,ま,1856,ダイハツ,タント,S,ブラック,50代,男性,155/65R14,2023,未選択,REGNO,2026/08/16,曇り,ベテランPA,未実施,指名革新キャビネットホイール尿動物。
2025/12/26(Fri) 13:58,その他,一般,横浜,330,れ,2097,BMW,ミニクーパー,S,シルバー,40代,不明,175/65R15,2025,トーヨー,Enasave,2026/08/16,曇り,PA2,未実施,賞賛する保持する彼女コーラス持ってる。
2025/12/08(Mon) 16:36,オイル交換,新規,横浜,300,る,2028,マツダ,CX-5,L,ブラック,30代,男性,225/65R17,2023,ダンロップ,REGNO,2026/08/16,晴れ,ベテラン社員,実施,差別するコミュニティノート不自然な偏差。
2025/04/05(Sat) 13:13,その他,常連,横浜,300,る,3545,マツダ,CX-5,L,レッド,20代,女性,225/65R17,2025,トーヨー,Ecopia,2026/08/17,曇り,ベテランPA,実施,
2026/03/05(Thu) 09:22,洗車,常連,横浜,580,き,5828,マツダ,CX-5,L,ブラック,50代,不明,225/65R17,2021,未選択,Enasave,2026/08/17,晴れ,主任リーダー,実施,
2025/12/23(Tue) 17:46,洗車,新規,横浜,500,き,9317,トヨタ,ハイエース,XL,ブルー,30代,不明,195/80R15,2021,未選択,Enasave,2026/08/17,晴れ,ベテランPA,未実施,今日仕上げブランチ創傷ダイヤモンド。
2025/05/01(Thu) 11:51,洗車,新規,横浜,500,れ,9892,日産,セレナ,L,シルバー,40代,男性,195/65R16,2022,ヨコハマ,Ecopia,2026/08/17,曇り,ベテラン社員,実施,怒りテント葉主婦月省略。
2025/11/27(Thu) 11:46,オイル交換,常連,横浜,300,れ,8136,ダイハツ,タント,S,ブルー,60代以上,不明,155/65R14,2023,ヨコハマ,Ecopia,2026/08/17,雪,ベテラン社員,未実施,偏差供給ない溝サワー。
2025/01/23(Thu) 12:16,給油,業者,横浜,300,る,4471,マツダ,CX-5,L,レッド,不明,不明,225/65R17,2022,ヨコハマ,BluEarth,2026/08/17,曇り,PA1,実施,
2025/11/20(Thu) 12:17,オイル交換,常連,横浜,300,れ,6261,日産,セレナ,L,ホワイト,50代,男性,195/65R16,2022,トーヨー,未選択,2026/08/18,雨,未選択,未実施,ストレージ主婦陶器動物教会それ。
2024/10/12(Sat) 10:14,洗車,一般,横浜,330,き,752,トヨタ,VOXY,LL,ホワイト,30代,不明,195/65R15,2025,ダンロップ,Ecopia,2026/08/18,曇り,派遣社員,未実施,副再現する偏差極端な証言する。
2025/07/08(Tue) 09:09,その他,常連,横浜,300,る,8623,ダイハツ,タント,S,レッド,50代,男性,155/65R14,2023,トーヨー,BluEarth,2026/08/18,晴れ,社員A,未実施,ホイールプラスチックストレージダイヤモンド人形出演者出演者。
2024/12/26(Thu) 08:57,その他,業者,横浜,580,さ,4234,マツダ,CX-5,L,ホワイト,30代,不明,225/65R17,2024,ヨコハマ,Ecopia,2026/08/18,晴れ,派遣社員,実施,屋根裏式反射通行料金ダッシュ今日。
2025/11/27(Thu) 20:55,給油,常連,横浜,330,き,7167,マツダ,CX-5,L,ホワイト,不明,男性,225/65R17,2025,ダンロップ,Enasave,2026/08/18,曇り,PA2,未実施,式腐ったバスケット陶器普通の。
2025/05/24(Sat) 12:23,オイル交換,一般,横浜,300,さ,9352,トヨタ,ハイエース,XL,ブルー,20代,男性,195/80R15,2022,ダンロップ,Ecopia,2026/08/18,晴れ,派遣社員,未実施,
2024/08/31(Sat) 08:47,オイル交換,新規,横浜,500,る,4629,日産,セレナ,L,シルバー,不明,不明,195/65R16,2021,トーヨー,Enasave,2026/08/19,曇り,PA1,実施,トーストバス教会午前感謝するトースト。
2024/09/30(Mon) 19:17,洗車,一般,横浜,330,さ,9564,BMW,ミニクーパー,S,ホワイト,不明,女性,175/65R15,2021,ヨコハマ,BluEarth,2026/08/19,曇り,PA1,実施,
2026/02/02(Mon) 16:18,給油,新規,横浜,330,ま,390,ダイハツ,タント,S,レッド,30代,男性,155/65R14,2023,ブリヂストン,BluEarth,2026/08/19,晴れ,ベテランPA,未実施,
2026/01/08(Thu) 12:51,オイル交換,一般,横浜,330,さ,4208,トヨタ,VOXY,LL,ブルー,60代以上,男性,195/65R15,2025,トーヨー,Enasave,2026/08/19,晴れ,派遣社員,実施,特徴普通のささやき革新。
2025/06/05(Thu) 07:22,洗車,業者,横浜,300,き,7000,マツダ,CX-5,L,レッド,50代,女性,225/65R17,2022,ブリヂストン,未選択,2026/08/19,雪,派遣社員,実施,
2025/01/23(Thu) 16:32,その他,常連,横浜,300,る,4982,トヨタ,VOXY,LL,レッド,20代,不明,195/65R15,2024,トーヨー,Enasave,2026/08/19,雨,未選択,未実施,倫理トリビュート職人持つダイヤモンドダッシュ。
2026/02/20(Fri) 09:57,洗車,常連,横浜,500,る,8266,ホンダ,N-BOX,S,ホワイト,60代以上,男性,155/65R14,2021,ダンロップ,REGNO,2026/08/19,雨,主任リーダー,未実施,
2024/10/12(Sat) 11:37,給油,新規,横浜,500,れ,7079,マツダ,CX-5,L,シルバー,30代,不明,225/65R17,2023,未選択,REGNO,2026/08/19,雪,未選択,未実施,極端なクロス鉱山。
2025/12/07(Sun) 14:54,タイヤ相談,一般,横浜,300,ま,2606,マツダ,CX-5,L,ブラック,60代以上,男性,225/65R17,2023,トーヨー,Enasave,2026/08/19,晴れ,社員A,実施,
2025/03/11(Tue) 10:19,給油,常連,横浜,580,れ,9083,マツダ,CX-5,L,シルバー,不明,男性,225/65R17,2021,ヨコハマ,未選択,2026/08/20,雨,所長,実施,それ指名行進通行料金コミュニティ緩む。
2025/03/26(Wed) 08:31,給油,新規,横浜,330,ま,3081,トヨタ,VOXY,LL,ホワイト,30代,女性,195/65R15,2022,未選択,Ecopia,2026/08/20,雪,社員A,実施,持つ同行人形。
2025/09/30(Tue) 08:53,その他,業者,横浜,580,ま,5383,トヨタ,VOXY,LL,シルバー,50代,男性,195/65R15,2021,未選択,REGNO,2026/08/21,曇り,ベテラン社員,実施,
2025/08/22(Fri) 21:35,給油,業者,横浜,580,ま,4842,トヨタ,プリウス,M,ホワイト,不明,男性,195/65R15,2021,ブリヂストン,BluEarth,2026/08/21,雨,PA1,未実施,ログノート追放する文言。
2025/09/10(Wed) 17:51,その他,常連,横浜,300,き,811,BMW,ミニクーパー,S,ブルー,50代,男性,175/65R15,2024,ブリヂストン,未選択,2026/08/21,曇り,ベテラン社員,実施,持っていました見落とすピック運保証金は欠乏本質的な。
2025/03/31(Mon) 08:57,洗車,新規,横浜,580,れ,4943,トヨタ,VOXY,LL,ブラック,40代,男性,195/65R15,2025,未選択,BluEarth,2026/08/21,雪,派遣社員,実施,状況ログ埋め込む敵対的なトリビュート。
2026/02/07(Sat) 14:42,タイヤ相談,新規,横浜,580,き,6749,トヨタ,VOXY,LL,ブラック,20代,女性,195/65R15,2023,ヨコハマ,Enasave,2026/08/21,晴れ,未選択,実施,ハンマー中央普通の擁する近代化する錯覚鉱山。
2025/11/23(Sun) 08:52,その他,一般,横浜,300,る,1777,ホンダ,N-BOX,S,ブルー,不明,男性,155/65R14,2022,ダンロップ,BluEarth,2026/08/21,雪,社員A,実施,
2025/08/31(Sun) 20:44,洗車,常連,横浜,330,ま,8123,トヨタ,ハイエース,XL,レッド,不明,男性,195/80R15,2025,ヨコハマ,BluEarth,2026/08/21,曇り,PA1,実施,教会ダイヤモンドスキームブラケットシェービング評議会リニア。
2025/07/12(Sat) 11:32,オイル交換,常連,横浜,300,る,1939,トヨタ,VOXY,LL,ブルー,50代,女性,195/65R15,2024,トーヨー,BluEarth,2026/08/22,雨,PA1,実施,バーゲン溝移動キャビンパイオニア特徴クロス。
2026/02/28(Sat) 15:02,オイル交換,常連,横浜,300,れ,3330,トヨタ,プリウス,M,ブラック,不明,男性,195/65R15,2023,ヨコハマ,Enasave,2026/08/22,曇り,派遣社員,実施,画面保持する状況見落とすバケツは中世。
2025/08/08(Fri) 10:17,洗車,新規,横浜,300,さ,7331,マツダ,CX-5,L,レッド,20代,女性,225/65R17,2021,トーヨー,Enasave,2026/08/22,雪,派遣社員,未実施,リフトハードウェア今狭い。
2025/08/06(Wed) 17:48,給油,業者,横浜,580,れ,5867,日産,セレナ,L,シルバー,30代,不明,195/65R16,2024,ダンロップ,REGNO,2026/08/23,雪,ベテランPA,未実施,
2025/01/11(Sat) 18:58,その他,常連,横浜,580,る,1531,ダイハツ,タント,S,レッド,50代,不明,155/65R14,2021,未選択,Enasave,2026/08/23,雪,所長,実施,日曜日舗装午前ハードウェア中央助けてバス。
2025/04/01(Tue) 20:50,タイヤ相談,常連,横浜,330,る,1920,トヨタ,プリウス,M,ブラック,30代,女性,195/65R15,2023,未選択,BluEarth,2026/08/23,雪,PA1,未実施,
2025/02/06(Thu) 09:51,オイル交換,新規,横浜,330,き,35,ダイハツ,タント,S,ブルー,20代,男性,155/65R14,2024,ブリヂストン,REGNO,2026/08/23,雨,PA1,実施,
2025/04/17(Thu) 15:18,洗車,一般,横浜,500,さ,2293,ホンダ,N-BOX,S,ブルー,60代以上,女性,155/65R14,2023,ヨコハマ,REGNO,2026/08/23,曇り,所長,実施,
2026/02/26(Thu) 20:42,洗車,一般,横浜,300,ま,8311,ホンダ,N-BOX,S,ブラック,40代,女性,155/65R14,2021,未選択,BluEarth,2026/08/23,雨,社員A,未実施,
2025/03/22(Sat) 13:54,オイル交換,一般,横浜,300,さ,7231,ホンダ,N-BOX,S,ホワイト,不明,不明,155/65R14,2024,ダンロップ,Enasave,2026/08/24,晴れ,PA2,未実施,プラスチック指名今日中央。
2025/11/02(Sun) 08:53,オイル交換,業者,横浜,500,れ,742,マツダ,CX-5,L,ホワイト,30代,不明,225/65R17,2021,未選択,Enasave,2026/08/24,晴れ,所長,未実施,細かい同行ない感謝する緩む。
2025/10/24(Fri) 10:59,その他,一般,横浜,330,れ,4113,ダイハツ,タント,S,ブルー,60代以上,不明,155/65R14,2023,トーヨー,Ecopia,2026/08/24,雪,所長,未実施,見出し賞賛する敵対的な厳しい日曜日フェミニスト。
2026/03/04(Wed) 07:45,タイヤ相談,業者,横浜,500,き,2319,ホンダ,N-BOX,S,シルバー,不明,不明,155/65R14,2021,未選択,REGNO,2026/08/25,晴れ,ベテランPA,未実施,
2025/11/16(Sun) 07:08,給油,新規,横浜,580,ま,1206,ホンダ,N-BOX,S,ブラック,50代,不明,155/65R14,2021,トーヨー,BluEarth,2026/08/25,晴れ,PA1,実施,フェミニスト品質隠す戦略的。
2025/07/07(Mon) 10:33,オイル交換,一般,横浜,500,き,7814,トヨタ,ハイエース,XL,ブラック,40代,不明,195/80R15,2022,ブリヂストン,Ecopia,2026/08/25,雨,ベテラン社員,未実施,障害狭い助けて人形索引意図。
2025/05/27(Tue) 13:06,タイヤ相談,業者,横浜,500,れ,8538,トヨタ,プリウス,M,ブラック,50代,不明,195/65R15,2025,ダンロップ,未選択,2026/08/25,曇り,ベテラン社員,未実施,
2025/06/24(Tue) 18:10,その他,一般,横浜,300,ま,3149,マツダ,CX-5,L,レッド,30代,女性,225/65R17,2021,未選択,未選択,2026/08/25,曇り,主任リーダー,未実施,トスクール同行教会中央。
2025/02/05(Wed) 09:45,その他,一般,横浜,580,る,7941,日産,セレナ,L,レッド,50代,女性,195/65R16,2023,トーヨー,BluEarth,2026/08/26,雪,PA2,未実施,
2025/03/01(Sat) 08:30,その他,新規,横浜,500,る,2712,日産,セレナ,L,ブルー,20代,不明,195/65R16,2025,ヨコハマ,BluEarth,2026/08/26,曇り,所長,未実施,ない日曜日ジャーナルバスダッシュ。
2026/02/09(Mon) 12:17,オイル交換,新規,横浜,300,さ,6334,ダイハツ,タント,S,レッド,20代,女性,155/65R14,2025,トーヨー,未選択,2026/08/26,雨,未選択,未実施,追放するアクセルペダル軸野球ブランチ同行。
2025/08/08(Fri) 12:38,オイル交換,一般,横浜,580,れ,6428,マツダ,CX-5,L,ホワイト,不明,不明,225/65R17,2022,トーヨー,未選択,2026/08/26,曇り,所長,未実施,電話花嫁ない日曜日持ってる画面日曜日。
2025/03/01(Sat) 11:35,洗車,一般,横浜,330,さ,3061,トヨタ,プリウス,M,レッド,60代以上,男性,195/65R15,2023,ブリヂストン,Ecopia,2026/08/27,曇り,ベテラン社員,実施,
2024/10/11(Fri) 10:42,タイヤ相談,新規,横浜,300,る,458,トヨタ,VOXY,LL,シルバー,不明,不明,195/65R15,2021,ヨコハマ,Ecopia,2026/08/27,曇り,所長,実施,
2025/06/11(Wed) 12:28,給油,一般,横浜,500,る,7828,BMW,ミニクーパー,S,ブルー,60代以上,男性,175/65R15,2022,ダンロップ,Enasave,2026/08/27,雨,ベテランPA,実施,クロススキームパイオニア助けてホイール。
2025/04/20(Sun) 20:12,給油,新規,横浜,330,る,2227,トヨタ,VOXY,LL,ブラック,60代以上,女性,195/65R15,2022,ブリヂストン,未選択,2026/08/27,曇り,派遣社員,未実施,持ってる教授サワー革新狭いトーン。
2025/08/22(Fri) 21:18,タイヤ相談,常連,横浜,330,れ,4351,BMW,ミニクーパー,S,シルバー,60代以上,不明,175/65R15,2024,ダンロップ,未選択,2026/08/28,晴れ,ベテラン社員,実施,
2024/10/08(Tue) 12:19,タイヤ相談,業者,横浜,580,れ,8914,マツダ,CX-5,L,ホワイト,不明,男性,225/65R17,2024,ブリヂストン,Enasave,2026/08/28,晴れ,未選択,未実施,
2025/06/12(Thu) 17:17,その他,新規,横浜,580,ま,3287,トヨタ,プリウス,M,ブラック,60代以上,男性,195/65R15,2023,未選択,未選択,2026/08/28,雨,ベテラン社員,実施,品質供給評議会虐待。
2025/10/12(Sun) 18:59,タイヤ相談,一般,横浜,500,れ,6703,ホンダ,N-BOX,S,ブルー,60代以上,女性,155/65R14,2022,未選択,REGNO,2026/08/29,雪,派遣社員,未実施,
2025/07/28(Mon) 10:44,オイル交換,一般,横浜,580,さ,5925,BMW,ミニクーパー,S,レッド,不明,女性,175/65R15,2022,ブリヂストン,BluEarth,2026/08/29,雨,派遣社員,実施,
2025/09/25(Thu) 11:45,洗車,常連,横浜,500,ま,9465,マツダ,CX-5,L,ブルー,40代,男性,225/65R17,2021,ダンロップ,REGNO,2026/08/29,雨,PA1,未実施,
2025/05/24(Sat) 19:00,タイヤ相談,常連,横浜,500,さ,2310,日産,セレナ,L,ホワイト,20代,不明,195/65R16,2021,ブリヂストン,Ecopia,2026/08/29,雪,PA1,実施,
2025/11/13(Thu) 12:23,オイル交換,一般,横浜,500,さ,7394,ダイハツ,タント,S,ホワイト,50代,男性,155/65R14,2025,ダンロップ,REGNO,2026/08/30,雪,派遣社員,未実施,感謝するサワートーンジャーナルあった衝突ささやきジャム。
2025/07/01(Tue) 11:47,その他,業者,横浜,330,る,9103,トヨタ,プリウス,M,ホワイト,40代,女性,195/65R15,2022,ダンロップ,BluEarth,2026/08/30,雨,ベテラン社員,未実施,クルー極端なハードウェア花嫁。
2024/11/17(Sun) 17:06,洗車,新規,横浜,330,ま,5633,マツダ,CX-5,L,ブルー,60代以上,男性,225/65R17,2023,ブリヂストン,Enasave,2026/08/30,雪,PA1,実施,
2025/09/29(Mon) 10:51,洗車,業者,横浜,330,れ,8112,トヨタ,プリウス,M,ブラック,60代以上,男性,195/65R15,2023,ヨコハマ,Ecopia,2026/08/30,晴れ,所長,実施,必要月学生ソースカレッジ。
2025/03/02(Sun) 13:28,給油,新規,横浜,500,れ,5884,ダイハツ,タント,S,シルバー,30代,不明,155/65R14,2021,未選択,BluEarth,2026/08/31,晴れ,主任リーダー,未実施,
2025/08/04(Mon) 18:07,給油,常連,横浜,500,さ,2355,トヨタ,ハイエース,XL,ホワイト,60代以上,不明,195/80R15,2025,ダンロップ,Enasave,2026/08/31,雪,所長,実施,
2025/08/08(Fri) 07:13,洗車,常連,横浜,300,る,2678,日産,セレナ,L,ホワイト,30代,男性,195/65R16,2025,未選択,REGNO,2026/08/31,雪,主任リーダー,未実施,ログ織る中央溝葉舗装オークションリフト。
2025/04/02(Wed) 15:11,オイル交換,一般,横浜,330,れ,6176,トヨタ,プリウス,M,ホワイト,40代,女性,195/65R15,2024,ブリヂストン,BluEarth,2026/08/31,雪,所長,未実施,
